usuario,fecha,id_pedido,restaurante,categoria_restaurante,total,estado,repartidor,tiempo_entrega,distancia,calificacion,metodo_pago,zona,direccion,tipo_paqueteria,categoria
Miguel,2026-04-23 12:13:11.663946,952d3868-f1ff-4cd6-b20c-7da78982bc87,Pasta Italia,Italiana,393.53,cancelado,Mario Ruiz,49,15.97,5,Tarjeta,Zapopan,"Peatonal Panamá 402 Edif. 008 , Depto. 902 Nueva Georgia, SLP 40601-3374",Rappi,Italiana
Ana,2026-01-25 01:27:08.376526,7cf05096-ad27-45ef-8632-8642d925b0a2,Tacos MX,Mexicana,568.47,cancelado,Juan Perez,74,9.91,3,Tarjeta,Chapultepec,"Ampliación Zacatecas 657 Edif. 242 , Depto. 437 Vieja Congo, TAMPS 04911",Didi Food,Mexicana
Miguel,2026-01-05 22:49:47.274519,3e50dc87-e289-4f72-8424-8e446b3334d9,Wok Express,China,435.63,cancelado,Mario Ruiz,24,14.67,5,Tarjeta,Americana,"Retorno Norte Jaimes 936 Edif. 641 , Depto. 432 San Claudia de la Montaña, SIN 92703",Uber Eats,China
Fernanda,2026-01-29 22:12:34.842348,4947d12f-ac7e-48b9-a759-c5fdbf95436d,Sushi Roll,Japonesa,502.41,entregado,Carlos Lopez,38,3.55,2,Tarjeta,Americana,"Periférico Portugal 145 731 San Nelly de la Montaña, DGO 82784-0030",Didi Food,Japonesa
Ana,2026-01-27 08:49:41.989593,81f559b4-2ee7-4951-b146-68aff7ebc887,Pasta Italia,Italiana,551.43,entregado,Juan Perez,39,2.1,4,Tarjeta,Americana,"Cerrada Campeche 785 275 Nueva Marruecos, OAX 03051",Uber Eats,Italiana
Carlos,2026-04-10 10:37:10.826075,50852cba-2c5b-4e69-b29a-edaab8a0a284,Burger House,Americana,499.64,cancelado,Juan Perez,15,6.96,3,Efectivo,Centro,"Callejón Sur Peña 794 151 San Hernán los altos, AGS 48515-1532",Didi Food,Americana
Ana,2026-03-18 15:56:50.289242,1e78052c-caba-46ad-a0a1-2c498991c1b7,Pasta Italia,Italiana,344.36,cancelado,Mario Ruiz,78,10.57,5,Tarjeta,Providencia,"Pasaje Sur Narváez 427 Edif. 561 , Depto. 057 San Gregorio los bajos, TAB 11902-1807",Rappi,Italiana
Diego,2026-01-06 14:02:10.988611,def70ef4-fc60-4847-9cb1-325117eed7a5,Tacos MX,Mexicana,267.42,cancelado,Carlos Lopez,33,11.94,4,Efectivo,Providencia,"Corredor Sinaloa 895 Interior 097 Nueva Bolivia, MICH 67490-2260",Rappi,Mexicana
Ana,2026-05-06 07:50:44.626056,a03da16f-881b-4678-a1a4-a27db379010d,Pasta Italia,Italiana,404.26,cancelado,Pedro Sanchez,36,13.23,1,Efectivo,Chapultepec,"Eje vial Sudáfrica 912 Edif. 809 , Depto. 273 San Rosa los altos, CHIS 67941",Rappi,Italiana
Fernanda,2026-01-18 15:58:33.257710,ee70ce36-0be5-4df2-b11f-7219cb92dc68,Pizza Planet,Italiana,451.43,pendiente,Pedro Sanchez,47,10.69,3,Efectivo,Providencia,"Retorno Seychelles 010 Interior 471 San Guillermo los altos, COAH 73946-0540",Rappi,Italiana
Fernanda,2026-02-03 12:28:59.207084,3893fe53-cb74-47eb-9aab-534c50f02594,Pizza Planet,Italiana,299.29,entregado,Carlos Lopez,75,2.67,2,Tarjeta,Centro,"Periférico Swazilandia 519 Interior 849 Nueva Camboya, COAH 55948-3012",Didi Food,Italiana
Fernanda,2026-04-15 17:59:17.648053,2b23cddf-c317-48b2-b81b-ea001aedaa57,Burger House,Americana,264.13,entregado,Carlos Lopez,67,6.28,1,Efectivo,Providencia,"Callejón Sur Fonseca 839 Interior 507 San César de la Montaña, GTO 98315",Uber Eats,Americana
Luis,2026-02-27 03:54:44.547384,213336ee-0a08-4c88-90fe-41a639d01b66,Sushi Roll,Japonesa,346.2,entregado,Pedro Sanchez,36,1.26,4,Tarjeta,Providencia,"Calzada Marroquín 090 Interior 558 Vieja Bahamas, BCS 59460",Rappi,Japonesa
Fernanda,2026-05-05 08:30:37.930511,1a398c78-3d29-4d6c-98e2-86ca595f0c71,Sushi Roll,Japonesa,487.94,entregado,Pedro Sanchez,34,5.24,2,Efectivo,Zapopan,"Calzada Nuevo León 902 Edif. 897 , Depto. 338 Vieja Bélgica, VER 84842",Didi Food,Japonesa
Carlos,2026-04-05 19:11:05.550380,69519028-5cda-4bec-a2c6-36f426d2319b,Pizza Planet,Italiana,566.71,entregado,Carlos Lopez,58,14.98,1,Tarjeta,Americana,"Boulevard Saucedo 093 Interior 868 Vieja Eslovaquia, DF 93703",Rappi,Italiana
Carlos,2026-03-02 10:20:10.517837,23f9e45e-ede0-4436-9352-1a463661ff5a,Pizza Planet,Italiana,152.44,cancelado,Carlos Lopez,24,3.46,2,Efectivo,Centro,"Calzada Túnez 299 Edif. 314 , Depto. 754 Vieja Palau, GTO 19846-9396",Rappi,Italiana
Sofia,2026-01-03 19:26:45.575353,9bd52bf0-2499-4b35-9e7b-138d01c81ef0,Pasta Italia,Italiana,581.18,pendiente,Pedro Sanchez,86,14.34,3,Tarjeta,Zapopan,"Circunvalación Puebla 243 Interior 392 Vieja Kiribati, SIN 99046-4958",Rappi,Italiana
Diego,2026-05-07 14:50:50.448043,3bdd0f21-72aa-452d-bc3f-69bb88d6c117,Pizza Planet,Italiana,524.72,entregado,Mario Ruiz,55,19.25,4,Tarjeta,Americana,"Prolongación Zepeda 475 Edif. 768 , Depto. 644 Vieja Montenegro, MEX 09793-9738",Rappi,Italiana
Valeria,2026-01-09 20:14:05.207757,30fd8017-2400-4f4a-87b6-b38c5fcb6646,Pizza Planet,Italiana,614.34,entregado,Juan Perez,15,14.52,2,Tarjeta,Americana,"Eje vial Gambia 591 Edif. 149 , Depto. 323 San Juan los altos, CHIH 87363-7235",Uber Eats,Italiana
Fernanda,2026-03-05 06:46:46.052447,61fe9254-3d99-49ab-b630-9297aa425e84,Tacos MX,Mexicana,98.56,pendiente,Mario Ruiz,50,7.53,4,Efectivo,Chapultepec,"Calzada Sur Rodarte 989 Edif. 720 , Depto. 015 Vieja Cuba, MICH 87250",Didi Food,Mexicana
Luis,2026-05-05 14:41:29.555874,e37a8b9a-6909-4940-b3cb-b1b15d73cda7,Pizza Planet,Italiana,185.08,entregado,Mario Ruiz,27,13.61,3,Efectivo,Zapopan,"Cerrada Bravo 364 Interior 715 Nueva Japón, TLAX 47890",Uber Eats,Italiana
Valeria,2026-02-27 02:44:02.565318,bf08f3f2-42ab-47b5-8f52-d6ea24b8dc1f,Pizza Planet,Italiana,103.2,entregado,Carlos Lopez,75,9.97,4,Efectivo,Providencia,"Continuación México 428 513 Nueva Antigua y Barbuda, PUE 50811",Didi Food,Italiana
Diego,2026-04-26 01:31:42.034787,80778603-5e26-4f28-a46e-7cfe36eb51c7,Tacos MX,Mexicana,212.71,cancelado,Mario Ruiz,21,3.1,2,Efectivo,Centro,"Calle Kenya 221 Edif. 803 , Depto. 265 San Esperanza los bajos, ZAC 66396-4683",Uber Eats,Mexicana
Sofia,2026-05-11 06:18:36.091916,b8dfe55d-505a-4ca6-9e33-d5208a7cab5b,Pasta Italia,Italiana,357.3,pendiente,Mario Ruiz,21,14.27,1,Tarjeta,Zapopan,"Circuito Norte Alcaraz 818 Interior 050 San Amador los altos, DGO 10499-9914",Didi Food,Italiana
Ana,2026-04-16 01:44:55.580788,61f62f65-3a1b-4f1a-a457-5dd896730a5f,Pizza Planet,Italiana,154.21,pendiente,Mario Ruiz,42,9.48,5,Efectivo,Providencia,"Eje vial Durango 891 Interior 323 Vieja Guinea Ecuatorial, DGO 76315",Uber Eats,Italiana
Carlos,2026-02-14 00:39:57.982443,c7f2fa7b-34a9-4330-99d0-58a20cb57c72,Tacos MX,Mexicana,182.87,entregado,Carlos Lopez,75,16.92,5,Tarjeta,Providencia,"Corredor Sur Vaca 797 Interior 058 San Paulina de la Montaña, TAB 81597-7637",Rappi,Mexicana
Valeria,2026-01-01 05:05:50.794444,ae3aa39a-5aa1-4676-958f-14794a0d46c3,Sushi Roll,Japonesa,195.67,cancelado,Carlos Lopez,77,7.18,2,Tarjeta,Providencia,"Continuación Luna 758 Interior 024 Vieja República de Corea, MEX 18455",Rappi,Japonesa
Valeria,2026-01-09 10:55:29.290915,871a36d4-9cb8-4a61-95ae-1d14698ff68e,Sushi Roll,Japonesa,466.49,cancelado,Mario Ruiz,89,18.72,1,Tarjeta,Zapopan,"Callejón Jáquez 622 832 Vieja Kiribati, NAY 05119",Uber Eats,Japonesa
Miguel,2026-03-16 16:36:56.682628,f15491a4-93d7-408a-9bd6-7da8e077e554,Sushi Roll,Japonesa,363.69,entregado,Carlos Lopez,19,7.47,5,Tarjeta,Americana,"Diagonal Tuvalu 849 242 Nueva Vietman, SIN 87790",Uber Eats,Japonesa
Ana,2026-03-27 05:57:30.562582,3ed76f91-9126-4120-bc0d-f9df22881036,Sushi Roll,Japonesa,651.32,cancelado,Carlos Lopez,23,7.67,3,Tarjeta,Zapopan,"Callejón Ballesteros 502 Interior 398 San María del Carmen los altos, NL 92751",Didi Food,Japonesa
Carlos,2026-02-13 23:51:57.563809,3f504275-3562-41a9-b004-6e0ce586b23c,Pizza Planet,Italiana,338.05,entregado,Mario Ruiz,36,5.87,5,Efectivo,Chapultepec,"Retorno Sur Soria 018 529 Vieja Filipinas, GTO 74507-4837",Rappi,Italiana
Diego,2026-04-18 05:14:41.682845,a9db9211-fa62-4e7f-b6db-0025d88d63c5,Sushi Roll,Japonesa,339.28,pendiente,Mario Ruiz,32,19.43,3,Efectivo,Americana,"Viaducto Coahuila de Zaragoza 627 108 San Rafaél los bajos, NAY 18536",Didi Food,Japonesa
Ana,2026-05-14 01:16:28.478114,b394d04c-f888-40fd-a2f1-27129563ab71,Pasta Italia,Italiana,310.82,pendiente,Carlos Lopez,79,8.5,1,Efectivo,Zapopan,"Circuito Sur Zaragoza 038 Interior 612 San Francisco los bajos, MOR 64720-6060",Didi Food,Italiana
Fernanda,2026-04-29 12:56:20.458927,43e642c1-3d9e-48c8-b2ce-30724146b847,Pasta Italia,Italiana,575.78,pendiente,Juan Perez,28,18.84,2,Efectivo,Providencia,"Periférico Padrón 622 Edif. 561 , Depto. 727 Vieja Uzbekistán, COL 98201-5212",Rappi,Italiana
Carlos,2026-01-19 21:27:42.086647,1b358855-096b-46d5-be42-e6ceb48715a7,Wok Express,China,294.68,entregado,Pedro Sanchez,90,3.95,2,Efectivo,Chapultepec,"Callejón Chipre 074 Interior 798 San Gonzalo de la Montaña, BC 57204-1032",Rappi,China
Ana,2026-02-20 15:08:48.019939,c505f29e-8f43-420f-ab43-9247ae19d1f2,Pasta Italia,Italiana,159.47,pendiente,Juan Perez,30,6.6,3,Efectivo,Zapopan,"Privada Norte Meraz 739 759 San Benjamín de la Montaña, BCS 84363-4914",Didi Food,Italiana
Sofia,2026-05-13 00:22:59.129973,ceb5b6ee-d66c-420d-97cf-39e13686f3e0,Sushi Roll,Japonesa,110.77,entregado,Juan Perez,80,19.42,2,Efectivo,Americana,"Circunvalación Norte Benavídez 497 Edif. 060 , Depto. 142 Vieja Grecia, DF 29406-7472",Rappi,Japonesa
Valeria,2026-02-26 18:47:36.111371,fd0e7d36-c640-4c73-913a-76df65e67b56,Pasta Italia,Italiana,374.77,entregado,Pedro Sanchez,41,15.81,5,Efectivo,Providencia,"Continuación Estados Unidos de América 369 Interior 420 San Inés de la Montaña, VER 73562",Rappi,Italiana
Diego,2026-01-27 17:18:47.157867,94ab335d-9cce-4b8b-b82b-12d6cfbcd78b,Sushi Roll,Japonesa,661.45,pendiente,Mario Ruiz,31,17.16,5,Efectivo,Americana,"Calle Chávez 199 Interior 152 San Benito de la Montaña, COAH 45673",Rappi,Japonesa
Luis,2026-02-08 11:53:45.624709,e7dd73da-4901-407e-8146-705fb6e6e357,Sushi Roll,Japonesa,370.52,pendiente,Mario Ruiz,74,2.38,2,Tarjeta,Centro,"Callejón Sur Rascón 505 Edif. 077 , Depto. 486 San Reina de la Montaña, BCS 97274-3689",Rappi,Japonesa
Miguel,2026-04-26 04:59:06.184093,64020c7d-8732-485a-beab-4ad9d72534f1,Pasta Italia,Italiana,380.24,cancelado,Pedro Sanchez,20,18.75,2,Efectivo,Zapopan,"Circunvalación Canadá 137 Interior 311 Nueva Singapur, SON 88428",Didi Food,Italiana
Miguel,2026-02-13 17:55:03.984584,27d11306-0a28-4779-a302-dd91a12fefdf,Pizza Planet,Italiana,100.34,pendiente,Pedro Sanchez,34,14.69,2,Tarjeta,Chapultepec,"Circuito República de Corea 914 Interior 853 San Genaro los bajos, COL 66642-4640",Uber Eats,Italiana
Miguel,2026-01-19 23:20:52.244207,06f86784-200e-4a53-8ea3-3b966aa5befd,Pizza Planet,Italiana,332.68,cancelado,Pedro Sanchez,77,3.33,3,Tarjeta,Zapopan,"Periférico Sinaloa 375 Interior 725 San David los altos, NL 27790-6147",Didi Food,Italiana
Carlos,2026-03-01 16:21:17.063198,022a43b4-e3d0-4deb-85ee-d97dbcbabea1,Pasta Italia,Italiana,121.91,cancelado,Pedro Sanchez,24,9.33,3,Efectivo,Providencia,"Boulevard Campeche 606 Edif. 872 , Depto. 933 Vieja Papua Nueva Guinea, COAH 89310-6341",Uber Eats,Italiana
Luis,2026-04-26 04:04:03.654120,a54c459d-f447-4a3e-b766-06b13af1574f,Wok Express,China,147.16,cancelado,Juan Perez,66,7.44,4,Efectivo,Chapultepec,"Prolongación Vietman 212 285 Vieja Sri Lanka, SON 87455-9781",Didi Food,China
Ana,2026-04-18 07:06:52.171393,97468192-400c-4e4d-9cf1-a08ec0384aa5,Tacos MX,Mexicana,161.31,pendiente,Pedro Sanchez,56,19.94,4,Tarjeta,Americana,"Pasaje Sur Sanabria 638 566 San Rufino de la Montaña, QRO 96453",Didi Food,Mexicana
Diego,2026-02-16 18:46:11.024263,f8c5dd5f-3afd-473d-94f6-ce18986fde79,Pizza Planet,Italiana,641.03,pendiente,Carlos Lopez,38,11.28,3,Tarjeta,Chapultepec,"Corredor Nuevo León 029 764 Vieja Tonga, HGO 19409-1804",Uber Eats,Italiana
Miguel,2026-03-06 13:16:44.633641,78cf21b5-7e40-4973-ab04-05a67ac192b7,Pizza Planet,Italiana,687.1,cancelado,Mario Ruiz,65,16.99,2,Tarjeta,Americana,"Ampliación República Checa 304 602 Vieja Rumania, TLAX 56561",Rappi,Italiana
Valeria,2026-01-11 13:31:10.028980,6d1a015a-ee57-470c-92b3-e78b8b469e85,Burger House,Americana,685.35,pendiente,Mario Ruiz,88,12.34,2,Efectivo,Americana,"Diagonal Sur Toledo 172 Interior 069 Vieja Portugal, GTO 84912",Rappi,Americana
Miguel,2026-03-24 08:55:32.256612,a98c5e24-6f5a-4e25-8e68-8a99ca9b8da1,Pasta Italia,Italiana,399.97,entregado,Pedro Sanchez,82,10.64,5,Efectivo,Americana,"Avenida Sur Guillen 256 Interior 301 San Marcos los bajos, HGO 61545-1559",Rappi,Italiana
Ana,2026-01-02 17:35:58.260233,dd5354ba-f653-43ce-9a7a-427439ba2e3a,Tacos MX,Mexicana,340.26,cancelado,Pedro Sanchez,36,3.8,1,Efectivo,Zapopan,"Periférico Carrasco 367 026 Nueva Argentina, PUE 17386-9633",Uber Eats,Mexicana
Ana,2026-04-08 20:09:47.328040,bf2c66ce-03b0-4402-bff4-3578b8f6f51b,Pasta Italia,Italiana,645.52,cancelado,Mario Ruiz,54,1.86,1,Efectivo,Chapultepec,"Retorno Orosco 373 Interior 819 San Jacinto los altos, DF 08254-3425",Rappi,Italiana
Fernanda,2026-02-06 13:13:50.839623,26626110-b8e7-4c1c-acd5-689cf4602600,Tacos MX,Mexicana,528.44,cancelado,Pedro Sanchez,70,13.62,2,Tarjeta,Zapopan,"Callejón Norte Armenta 867 Interior 059 San Salma los bajos, Q. ROO 75250-7268",Uber Eats,Mexicana
Fernanda,2026-03-26 08:40:37.744331,bddda308-3944-4fff-adc5-5b1678362b27,Burger House,Americana,559.01,cancelado,Carlos Lopez,45,18.09,5,Tarjeta,Zapopan,"Prolongación Albania 815 273 San Marisol los bajos, MICH 68254",Didi Food,Americana
Valeria,2026-05-08 23:54:50.357235,43210512-8f40-429c-9ef6-1f39d97888f9,Pizza Planet,Italiana,558.43,entregado,Pedro Sanchez,19,10.87,2,Tarjeta,Americana,"Corredor Narváez 010 Edif. 802 , Depto. 089 San Gerardo los bajos, QRO 47995",Rappi,Italiana
Fernanda,2026-01-08 09:39:24.372575,7c9da875-6d60-44c3-b6e7-1282dafa15bc,Tacos MX,Mexicana,600.73,pendiente,Juan Perez,37,12.87,2,Efectivo,Americana,"Calzada Sur Jasso 881 Interior 294 Nueva Filipinas, BC 95424",Rappi,Mexicana
Luis,2026-04-23 00:14:52.714999,da616b6a-198a-4bee-9c1a-890eba406f51,Sushi Roll,Japonesa,556.13,entregado,Mario Ruiz,37,13.55,1,Tarjeta,Centro,"Andador República de Macedonia del Norte 617 Interior 265 Vieja Angola, MOR 57893",Didi Food,Japonesa
Sofia,2026-05-02 17:10:57.033664,b6843da1-abf4-4098-911b-c5ad2831bd2f,Pizza Planet,Italiana,545.11,entregado,Carlos Lopez,80,7.83,5,Tarjeta,Providencia,"Boulevard Sur Navarro 481 Interior 660 San Nelly los altos, BCS 52471-3972",Uber Eats,Italiana
Miguel,2026-03-28 22:53:47.123855,f056d647-c173-49d0-b43a-0024d7a2f22e,Wok Express,China,95.7,entregado,Juan Perez,87,11.99,1,Efectivo,Centro,"Calle Sur Porras 242 422 San Arcelia los bajos, TAB 93753",Rappi,China
Luis,2026-01-17 13:23:03.654691,1e88cbca-5982-43b9-8b8e-609bd59c9beb,Sushi Roll,Japonesa,558.49,cancelado,Mario Ruiz,84,2.08,5,Tarjeta,Providencia,"Calzada Indonesia 450 Edif. 884 , Depto. 302 Nueva Mónaco, MICH 95910",Didi Food,Japonesa
Sofia,2026-03-12 12:25:08.789904,4331d36f-3a35-467c-b876-9e0450e99377,Wok Express,China,261.36,pendiente,Juan Perez,75,13.41,5,Efectivo,Providencia,"Callejón Maestas 012 Edif. 702 , Depto. 521 Vieja Swazilandia, NL 59960-7913",Uber Eats,China
Valeria,2026-03-06 08:12:27.402108,3056d19c-7e47-43a6-a855-ac31ec3509bf,Wok Express,China,87.98,entregado,Carlos Lopez,58,12.04,4,Tarjeta,Americana,"Prolongación Norte Rincón 292 Edif. 778 , Depto. 328 Nueva Guatemala, BCS 53104",Rappi,China
Diego,2026-02-06 23:15:45.921950,ee361442-47b6-4235-9c94-f3223463cb7d,Tacos MX,Mexicana,98.63,cancelado,Juan Perez,76,16.55,3,Efectivo,Zapopan,"Circuito Sur Mateo 629 Interior 741 San Mauro los altos, PUE 70550",Uber Eats,Mexicana
Fernanda,2026-01-18 13:07:27.549695,83b833bf-97dc-4ec9-902e-f30f1bc997b7,Wok Express,China,465.14,entregado,Carlos Lopez,26,7.07,4,Efectivo,Centro,"Diagonal Sur Montoya 090 251 Vieja El Salvador, GTO 39653",Uber Eats,China
Valeria,2026-01-22 07:10:22.789804,4abf4153-66e8-4493-ac17-ad6fcf3f12ef,Pizza Planet,Italiana,191.16,entregado,Juan Perez,76,5.4,4,Efectivo,Centro,"Callejón Samoa 651 Edif. 041 , Depto. 148 San Jacinto los bajos, PUE 09903",Uber Eats,Italiana
Miguel,2026-04-02 23:49:40.295620,ece47abb-9154-4ba5-a0ac-fb80dc314931,Wok Express,China,254.21,entregado,Mario Ruiz,68,17.05,1,Efectivo,Providencia,"Continuación Norte Ruelas 929 985 San Silvano los bajos, SON 17569-1450",Didi Food,China
Miguel,2026-04-10 09:27:48.740087,0254b0c4-dd58-4f01-b973-1f8dee3274a7,Tacos MX,Mexicana,209.41,cancelado,Carlos Lopez,65,1.67,1,Efectivo,Providencia,"Prolongación Yemen 525 Edif. 680 , Depto. 874 Vieja Kirguistán, QRO 55835-7918",Didi Food,Mexicana
Carlos,2026-04-29 08:16:44.203895,01fd7761-1f84-43d1-994d-de864f6e0652,Sushi Roll,Japonesa,345.13,cancelado,Carlos Lopez,71,19.26,3,Tarjeta,Americana,"Circuito Bravo 524 Edif. 353 , Depto. 801 San Gabino los bajos, SIN 14996",Rappi,Japonesa
Carlos,2026-03-28 06:46:22.472624,7f03f40e-6017-4774-a3e6-1366311cbcb2,Burger House,Americana,606.31,entregado,Juan Perez,38,6.98,3,Tarjeta,Providencia,"Calzada Liechtenstein 309 946 San Eva los altos, DGO 01498-1815",Uber Eats,Americana
Ana,2026-05-11 14:26:18.484396,5306d555-b2a8-4193-bc13-be593ed51d2a,Burger House,Americana,491.23,pendiente,Carlos Lopez,44,8.29,3,Tarjeta,Providencia,"Callejón Valverde 386 065 Nueva Serbia, GRO 28685-0403",Rappi,Americana
Diego,2026-01-09 16:15:21.182870,12bb8b3b-15d4-4d46-bdfe-de8b1c55fe74,Burger House,Americana,560.0,pendiente,Pedro Sanchez,15,16.26,5,Tarjeta,Chapultepec,"Andador Hidalgo 540 356 San Elsa de la Montaña, Q. ROO 37074",Uber Eats,Americana
Fernanda,2026-04-05 03:59:02.530902,554783b3-8cf3-4c71-9c3e-d083def7ac42,Sushi Roll,Japonesa,258.72,pendiente,Carlos Lopez,47,6.99,1,Tarjeta,Americana,"Boulevard Sur Bermúdez 688 Interior 726 San Nayeli los altos, BCS 82279",Uber Eats,Japonesa
Fernanda,2026-03-13 11:01:10.875694,47e12068-0a3f-4c1b-a112-30271bde2174,Burger House,Americana,505.3,pendiente,Carlos Lopez,33,19.28,4,Tarjeta,Providencia,"Callejón Querétaro 833 Interior 974 San Gabino de la Montaña, YUC 81280",Uber Eats,Americana
Miguel,2026-04-12 07:12:37.896760,7e438bc0-02f6-479d-a394-c4e5be14c828,Wok Express,China,597.23,pendiente,Carlos Lopez,50,13.93,4,Efectivo,Centro,"Callejón Hidalgo 604 669 San Joaquín los bajos, SLP 05811-6528",Uber Eats,China
Carlos,2026-01-04 20:09:45.579672,a3e6b203-4d07-4dbe-91e1-2baef8ae3744,Pasta Italia,Italiana,686.36,pendiente,Mario Ruiz,15,12.38,3,Tarjeta,Americana,"Cerrada Norte Rojo 596 Interior 087 Vieja Fiji, BCS 67627-0460",Uber Eats,Italiana
Diego,2026-05-03 16:31:03.101751,ac6a7115-b2eb-4b8d-8197-1b2e8ca853f9,Pasta Italia,Italiana,357.78,pendiente,Carlos Lopez,54,3.45,3,Efectivo,Centro,"Andador Lomeli 551 Edif. 415 , Depto. 718 Vieja Camboya, AGS 45338",Didi Food,Italiana
Carlos,2026-02-22 14:11:46.291147,ab9243e1-511d-4cd1-adaa-1c2d3fe43343,Tacos MX,Mexicana,335.28,pendiente,Carlos Lopez,67,18.33,5,Tarjeta,Providencia,"Calle Orozco 934 452 San Ruby los altos, GTO 73748",Rappi,Mexicana
Ana,2026-04-02 17:42:22.287355,2c8e1a73-c454-4c02-9242-356bdbb7fe67,Sushi Roll,Japonesa,356.92,pendiente,Pedro Sanchez,22,19.59,3,Tarjeta,Zapopan,"Continuación Sinaloa 780 Interior 981 San Silvia de la Montaña, PUE 50866-4236",Uber Eats,Japonesa
Fernanda,2026-04-08 16:55:40.158242,5c3f892a-ae5b-46f6-90c6-930ef7fca5a2,Sushi Roll,Japonesa,549.91,cancelado,Pedro Sanchez,23,5.71,5,Efectivo,Chapultepec,"Privada Norte Meza 547 298 San Patricio los bajos, JAL 57927",Rappi,Japonesa
Diego,2026-04-17 06:51:24.450486,542157ff-57b1-4229-98bd-0e3ace2c37c9,Sushi Roll,Japonesa,356.46,pendiente,Mario Ruiz,69,2.5,5,Efectivo,Centro,"Periférico Chiapas 619 Interior 867 Vieja Filipinas, BCS 52727",Uber Eats,Japonesa
Fernanda,2026-01-11 21:26:26.529298,fbac6664-9291-471d-b719-f41ff30060fd,Wok Express,China,317.17,pendiente,Mario Ruiz,20,15.33,4,Tarjeta,Americana,"Prolongación Mónaco 698 Interior 813 Nueva Camerún, MEX 04470",Uber Eats,China
Fernanda,2026-03-21 10:14:43.747499,924bd22c-3c76-4cb5-b7a0-e81824986e6b,Pasta Italia,Italiana,347.67,cancelado,Juan Perez,69,2.76,3,Efectivo,Americana,"Retorno Michoacán de Ocampo 095 874 Nueva Guatemala, HGO 06582-5557",Uber Eats,Italiana
Luis,2026-02-18 13:31:16.567473,ca4c47b2-0cec-4f1c-8138-29e974e7ff17,Pasta Italia,Italiana,202.31,entregado,Carlos Lopez,89,5.22,5,Tarjeta,Chapultepec,"Ampliación Andorra 194 Edif. 871 , Depto. 589 Nueva Brunei Darussalam, BC 93844",Uber Eats,Italiana
Sofia,2026-02-23 10:27:32.511019,313bdcf7-fdcc-42fb-82dc-c1f8592c80d0,Pasta Italia,Italiana,98.09,cancelado,Mario Ruiz,46,19.85,2,Efectivo,Chapultepec,"Circunvalación Tlaxcala 392 Edif. 438 , Depto. 700 San Socorro los altos, MOR 82443-3881",Rappi,Italiana
Diego,2026-02-26 02:34:11.106659,a3d272d9-c8fc-4b93-8d9a-936c14fcff82,Sushi Roll,Japonesa,143.74,pendiente,Pedro Sanchez,79,5.05,2,Tarjeta,Providencia,"Privada Rwanda 923 Edif. 416 , Depto. 380 San Gilberto los bajos, MOR 49279",Rappi,Japonesa
Valeria,2026-03-27 06:00:04.125633,790b6e79-907d-4706-a43c-02032dbc4626,Tacos MX,Mexicana,661.77,entregado,Pedro Sanchez,42,10.0,2,Tarjeta,Chapultepec,"Periférico Sur Quintanilla 783 090 San Luz de la Montaña, YUC 98030-3547",Rappi,Mexicana
Valeria,2026-04-11 18:45:33.787609,ee64fd3d-31b8-4329-a5c8-1dc4787ae19d,Pizza Planet,Italiana,104.96,pendiente,Carlos Lopez,88,1.54,2,Efectivo,Americana,"Avenida Michoacán de Ocampo 558 Edif. 305 , Depto. 974 Vieja Sudán del Sur, TAB 16491-5822",Uber Eats,Italiana
Ana,2026-03-19 23:10:13.515393,3a823bbf-63ff-4051-b52f-d3c5f303ca92,Pizza Planet,Italiana,164.21,cancelado,Pedro Sanchez,53,3.16,5,Efectivo,Chapultepec,"Calzada Campeche 126 Interior 481 Vieja Irlanda, VER 81353",Didi Food,Italiana
Carlos,2026-05-13 05:38:08.162696,9e49b8fd-dbaa-4cc1-97c7-db7a43d097c3,Pizza Planet,Italiana,239.74,cancelado,Pedro Sanchez,86,1.16,4,Tarjeta,Americana,"Calle Guinea 236 Edif. 824 , Depto. 885 Nueva Luxemburgo, SLP 79149-5770",Rappi,Italiana
Valeria,2026-04-16 17:05:28.883946,7be92e7e-fb55-4ac0-be2e-cb47446388dc,Wok Express,China,281.0,entregado,Pedro Sanchez,40,15.76,5,Tarjeta,Americana,"Periférico Arriaga 134 Edif. 326 , Depto. 444 San Sofía los altos, PUE 86503",Didi Food,China
Valeria,2026-03-20 14:47:36.184060,6317c4f2-cdec-4e61-a1a5-cdaf3a0fc2ee,Burger House,Americana,131.12,entregado,Juan Perez,70,1.87,3,Efectivo,Centro,"Diagonal Guerrero 095 953 Vieja Islas Marshall, NL 70126",Uber Eats,Americana
Ana,2026-02-04 10:57:36.034723,742f0a86-c6a2-4207-ba29-89c287f93949,Sushi Roll,Japonesa,650.32,cancelado,Pedro Sanchez,41,11.31,4,Efectivo,Providencia,"Pasaje Figueroa 176 Edif. 198 , Depto. 912 San Zoé los bajos, NAY 82246",Uber Eats,Japonesa
Miguel,2026-05-05 08:26:54.065208,273e58f9-cff2-4469-877c-5112145b61fe,Wok Express,China,251.39,pendiente,Carlos Lopez,82,9.17,1,Efectivo,Providencia,"Calle Quintana Roo 977 321 San Camilo de la Montaña, TLAX 72452-5923",Rappi,China
Fernanda,2026-04-24 20:17:09.299320,f07ef016-0b98-4013-9cb8-da800c982632,Pizza Planet,Italiana,543.19,pendiente,Pedro Sanchez,62,18.09,1,Tarjeta,Americana,"Calzada Chiapas 474 510 Nueva Eritrea, MICH 02133",Rappi,Italiana
Sofia,2026-05-02 06:21:23.727646,17cad8d2-21be-4108-9b09-d179c7d7ea59,Wok Express,China,387.22,entregado,Juan Perez,33,15.07,3,Efectivo,Chapultepec,"Continuación Morelos 456 Edif. 632 , Depto. 295 Nueva Chipre, VER 13095-9792",Rappi,China
Miguel,2026-02-14 20:46:36.252585,beead56c-c261-4c06-a52a-cb3cc4ca805c,Pizza Planet,Italiana,603.18,entregado,Juan Perez,32,15.05,5,Tarjeta,Chapultepec,"Eje vial Kazajstán 990 Edif. 495 , Depto. 067 Nueva República Árabe Siria, BCS 76238-3760",Uber Eats,Italiana
Ana,2026-01-03 15:11:51.812746,2636b7d6-a2ea-4a93-a9cd-0716ef890a9c,Wok Express,China,529.69,pendiente,Juan Perez,16,6.82,4,Tarjeta,Zapopan,"Retorno Berríos 514 Interior 874 Vieja Croacia, COAH 85003-6534",Rappi,China
Sofia,2026-03-20 10:18:34.103807,d3f6bfaa-1e4e-4c14-aff6-6e370a9d292a,Pizza Planet,Italiana,125.95,entregado,Pedro Sanchez,73,2.34,3,Efectivo,Providencia,"Avenida Norte Lira 491 850 Vieja Antigua y Barbuda, MEX 68819",Uber Eats,Italiana
Fernanda,2026-03-30 04:13:41.464618,532b8140-946a-442a-a2c6-26d858a255c1,Wok Express,China,689.06,pendiente,Carlos Lopez,23,15.62,1,Efectivo,Centro,"Circuito Tabasco 235 Edif. 224 , Depto. 064 Nueva Suiza, CHIH 07171-3956",Didi Food,China
Ana,2026-01-09 23:55:00.713119,f99e16d6-5cf9-427b-8a9d-2e6a68649819,Wok Express,China,177.48,cancelado,Juan Perez,34,17.87,2,Tarjeta,Centro,"Viaducto Sáenz 087 Interior 884 San Pedro los bajos, SIN 68756-4803",Didi Food,China
Diego,2026-01-17 02:47:24.566792,90efd040-4043-4276-8581-37f3e13506a4,Pizza Planet,Italiana,98.58,cancelado,Juan Perez,24,14.7,4,Tarjeta,Centro,"Cerrada Alcala 206 Edif. 071 , Depto. 453 Nueva Antigua y Barbuda, MOR 56213",Didi Food,Italiana
Luis,2026-04-28 20:05:01.270664,b76f069b-7137-4df4-a371-32291f04397e,Tacos MX,Mexicana,154.36,pendiente,Carlos Lopez,34,12.15,2,Efectivo,Zapopan,"Avenida Sur Téllez 767 Interior 482 San Isabela los bajos, Q. ROO 60862-9920",Rappi,Mexicana
Valeria,2026-04-21 12:21:26.205650,939b687f-96c1-428c-88d4-627c95245b19,Wok Express,China,469.29,entregado,Pedro Sanchez,66,17.21,1,Tarjeta,Zapopan,"Diagonal Cuba 435 Edif. 088 , Depto. 617 Vieja Alemania, BC 53550-8283",Rappi,China
Luis,2026-03-02 23:07:55.153621,709b8774-1fba-4bb1-acc3-87c5f9139dde,Burger House,Americana,81.04,entregado,Mario Ruiz,71,10.63,1,Tarjeta,Chapultepec,"Periférico Túnez 408 Edif. 498 , Depto. 253 Nueva Maldivas, VER 50277-9993",Uber Eats,Americana
Diego,2026-05-08 00:22:50.339224,85aa72fc-f33e-48c8-a1f9-74c115952116,Tacos MX,Mexicana,372.11,entregado,Carlos Lopez,34,3.38,1,Tarjeta,Providencia,"Periférico Norte Enríquez 908 372 San Leonardo los altos, COAH 24734-2166",Didi Food,Mexicana
Diego,2026-01-30 15:35:33.190285,d9d50de3-338c-4c1d-8e02-0cd710cfbc9a,Tacos MX,Mexicana,698.22,cancelado,Mario Ruiz,62,1.31,4,Efectivo,Chapultepec,"Periférico Angola 659 Interior 937 Vieja Malawi, DGO 30677-8586",Didi Food,Mexicana
Ana,2026-04-15 15:02:25.173577,fd7e42da-c58a-4417-bc82-2bdaea1cea7f,Burger House,Americana,246.15,pendiente,Carlos Lopez,58,3.84,2,Efectivo,Chapultepec,"Corredor Guanajuato 050 551 San Carolina los altos, SON 04784",Rappi,Americana
Carlos,2026-04-16 18:27:50.494854,ad737b8a-6da4-4a5c-86ed-51e77f927939,Pasta Italia,Italiana,203.68,cancelado,Pedro Sanchez,42,13.86,1,Tarjeta,Centro,"Continuación Sudán 871 Interior 735 San Amelia los altos, BCS 41012",Uber Eats,Italiana
Luis,2026-04-28 05:12:17.594361,55fd6ffd-9bb7-4c2b-91e0-a6dec3be23f8,Pizza Planet,Italiana,442.11,cancelado,Mario Ruiz,59,4.26,4,Efectivo,Chapultepec,"Circunvalación Baja California Sur 648 220 San Federico los altos, GRO 23848-7106",Uber Eats,Italiana
Carlos,2026-02-28 03:20:13.368221,efc0c10d-42e1-4476-9e5a-747c21380b47,Pizza Planet,Italiana,544.91,cancelado,Carlos Lopez,22,17.27,4,Tarjeta,Centro,"Calzada Oaxaca 900 Edif. 858 , Depto. 054 San Yolanda de la Montaña, TAMPS 16847-4720",Rappi,Italiana
Carlos,2026-04-01 04:22:55.683115,fe50debe-d6e1-4ce4-9629-d0969c688d70,Tacos MX,Mexicana,194.02,pendiente,Mario Ruiz,48,10.84,2,Tarjeta,Centro,"Pasaje Sur Benavídez 188 Interior 246 San Inés los bajos, CHIS 38673-4482",Uber Eats,Mexicana
Diego,2026-03-10 16:11:12.427413,4e2f25b1-43a6-41c6-8a37-53612da02484,Tacos MX,Mexicana,169.46,pendiente,Pedro Sanchez,87,17.7,4,Efectivo,Chapultepec,"Eje vial Norte Benítez 640 301 San Antonio los altos, SON 63211",Didi Food,Mexicana
Miguel,2026-03-09 03:32:19.939639,0d30ef51-f3f7-4f3c-9430-73b03450e821,Wok Express,China,90.11,pendiente,Juan Perez,77,5.6,1,Tarjeta,Americana,"Retorno Palau 242 616 San Judith los bajos, SLP 48211",Didi Food,China
Ana,2026-01-22 06:32:39.972232,4bd07460-d376-4338-b9c3-91c938ce5aad,Tacos MX,Mexicana,185.98,pendiente,Carlos Lopez,30,2.02,5,Efectivo,Americana,"Peatonal Sur Muñoz 739 Edif. 438 , Depto. 591 San Wendolin los altos, HGO 05463",Didi Food,Mexicana
Ana,2026-01-11 02:28:42.114144,fdfa5c96-3b1d-438e-ad24-de4738c04b37,Pasta Italia,Italiana,128.13,cancelado,Pedro Sanchez,62,17.49,2,Tarjeta,Chapultepec,"Andador Samaniego 690 599 Vieja Niger, HGO 89252-9198",Uber Eats,Italiana
Fernanda,2026-04-06 20:47:16.362180,6c5a4b8a-929b-41c0-a1fd-ab0944bd2701,Pasta Italia,Italiana,170.33,entregado,Juan Perez,45,17.88,1,Tarjeta,Americana,"Calle Coahuila de Zaragoza 397 619 Nueva Estonia, OAX 15931-2520",Rappi,Italiana
Valeria,2026-05-08 01:09:54.602757,4fc7044a-f101-4c3b-86c6-c2fe694bf8c1,Wok Express,China,271.66,pendiente,Carlos Lopez,49,9.09,5,Efectivo,Chapultepec,"Andador Somalia 838 770 San Juan Carlos de la Montaña, COL 70438-7383",Didi Food,China
Ana,2026-01-09 11:44:53.054132,b8f504f8-625e-4201-89b6-325528f676f5,Wok Express,China,192.9,pendiente,Juan Perez,44,18.27,3,Tarjeta,Chapultepec,"Circunvalación Paraguay 024 342 Vieja Samoa, TLAX 04882-9989",Uber Eats,China
Carlos,2026-02-22 04:33:28.499115,6881766f-e837-4b53-a3d4-74eb2c59a69e,Sushi Roll,Japonesa,361.54,entregado,Carlos Lopez,43,14.8,4,Tarjeta,Americana,"Diagonal Campeche 154 Interior 583 San Julia los altos, MICH 55669-7133",Didi Food,Japonesa
Carlos,2026-03-21 03:42:04.476185,97c0d865-6a7e-4f6c-80ca-e98393b47047,Wok Express,China,655.12,pendiente,Carlos Lopez,19,18.94,1,Tarjeta,Centro,"Corredor Meléndez 220 Edif. 352 , Depto. 468 San Camilo los bajos, Q. ROO 11265",Uber Eats,China
Diego,2026-04-22 22:42:57.859993,56c00bc8-fdc0-45f5-b297-97266646210d,Pasta Italia,Italiana,116.67,pendiente,Juan Perez,36,1.08,1,Efectivo,Chapultepec,"Cerrada Sur Palomino 782 Edif. 321 , Depto. 186 San Roberto los altos, QRO 10683",Uber Eats,Italiana
Luis,2026-02-23 23:57:01.448420,4ce1212d-cc96-45ba-90fb-897731bcf40d,Burger House,Americana,214.19,entregado,Juan Perez,53,5.07,4,Tarjeta,Providencia,"Viaducto Norte Montaño 833 Edif. 622 , Depto. 254 San Luisa de la Montaña, TLAX 14953-3723",Didi Food,Americana
Diego,2026-03-08 06:59:37.560581,95ecb564-214a-42e1-a77f-461a4aaeef23,Pizza Planet,Italiana,119.26,cancelado,Mario Ruiz,24,14.2,5,Tarjeta,Providencia,"Viaducto Sur Zamora 222 Edif. 496 , Depto. 265 Vieja Egipto, CHIS 56219-4434",Rappi,Italiana
Sofia,2026-05-07 06:47:32.170174,4acce6ac-d79d-42d9-8ec1-3eb9a676aa2c,Tacos MX,Mexicana,338.42,entregado,Mario Ruiz,37,4.79,3,Efectivo,Americana,"Circunvalación Sur Ramírez 444 Interior 232 San Victoria los bajos, Q. ROO 11802-1748",Didi Food,Mexicana
Valeria,2026-04-18 08:21:24.018250,cedd3357-00db-4fac-86e8-4d8cafc01264,Pasta Italia,Italiana,171.06,cancelado,Mario Ruiz,32,4.59,5,Efectivo,Americana,"Privada Qatar 415 Interior 662 San Camila los bajos, COL 35439",Rappi,Italiana
Sofia,2026-04-06 18:34:40.000386,dcaeb912-6deb-42de-8b3b-fe1183f0dacd,Wok Express,China,311.3,pendiente,Juan Perez,68,14.61,2,Tarjeta,Chapultepec,"Calzada Jalisco 340 928 San María José de la Montaña, CHIS 05292-3869",Didi Food,China
Sofia,2026-01-13 01:53:12.574601,c0f12cd8-dba3-40aa-84c2-96b258a73e28,Wok Express,China,296.49,pendiente,Mario Ruiz,58,17.88,2,Tarjeta,Chapultepec,"Periférico Eslovenia 677 382 San Manuel de la Montaña, HGO 57792",Rappi,China
Luis,2026-05-12 13:50:06.246996,cdc4c0fd-7b7e-4ad4-a2d4-a9921ab9cc5c,Wok Express,China,196.48,cancelado,Pedro Sanchez,49,14.65,3,Efectivo,Providencia,"Retorno Corrales 349 Edif. 765 , Depto. 017 Vieja República Federal Democrática de Nepal, SLP 94346",Rappi,China
Fernanda,2026-02-21 06:53:10.172614,de2d6e42-de7f-41a5-9f08-359983da1d79,Wok Express,China,188.81,cancelado,Mario Ruiz,56,17.83,1,Tarjeta,Centro,"Corredor Nigeria 646 003 Vieja Canadá, SLP 04540",Uber Eats,China
Carlos,2026-03-21 15:03:59.528566,df8db47d-20d1-402b-916a-ab56ea7240ec,Burger House,Americana,181.87,entregado,Pedro Sanchez,48,11.69,5,Efectivo,Chapultepec,"Corredor Sur Coronado 942 270 Nueva Uzbekistán, Q. ROO 29101",Rappi,Americana
Sofia,2026-04-20 20:27:21.102538,e506cf09-539e-42bf-9e04-453615cc0f09,Burger House,Americana,429.86,pendiente,Carlos Lopez,71,6.52,1,Tarjeta,Zapopan,"Circunvalación Zacatecas 957 077 Nueva Sudán, CHIS 45714-0920",Rappi,Americana
Fernanda,2026-01-12 14:49:30.389887,3e939dc7-28a3-41dd-85ac-77392e467f6d,Pizza Planet,Italiana,473.85,pendiente,Carlos Lopez,65,9.86,1,Tarjeta,Providencia,"Retorno Norte Carrión 041 Edif. 987 , Depto. 973 Vieja Malasia, SLP 48468",Rappi,Italiana
Fernanda,2026-03-21 10:37:25.127726,24f61cce-0311-42b5-aea4-42841d5264f4,Pizza Planet,Italiana,678.04,entregado,Carlos Lopez,28,16.93,2,Efectivo,Chapultepec,"Circuito Norte Jiménez 625 149 Vieja Francia, BC 87720",Rappi,Italiana
Fernanda,2026-05-04 08:57:05.992143,057f2640-2050-4a47-bb45-ce3d33bdf0b1,Wok Express,China,632.56,pendiente,Juan Perez,88,17.54,4,Tarjeta,Americana,"Viaducto Luxemburgo 274 Edif. 919 , Depto. 398 San Adriana los bajos, AGS 91866-1678",Uber Eats,China
Diego,2026-04-12 18:55:24.544860,bb89ef51-8d22-406b-85df-80350bcf3a0f,Pizza Planet,Italiana,568.3,cancelado,Carlos Lopez,50,8.78,2,Efectivo,Chapultepec,"Circunvalación Distrito Federal 024 333 San Serafín los altos, TAMPS 49503-4816",Rappi,Italiana
Carlos,2026-02-14 11:13:56.993309,34c35c66-a770-46d7-b156-5009c5311764,Wok Express,China,569.79,pendiente,Juan Perez,77,16.52,2,Efectivo,Chapultepec,"Periférico Granado 881 381 Nueva Pakistán, HGO 71889-5438",Rappi,China
Carlos,2026-01-04 18:41:32.206620,34094f75-a3be-4b10-ac42-eed192764c39,Pasta Italia,Italiana,395.89,pendiente,Pedro Sanchez,53,16.15,1,Tarjeta,Zapopan,"Pasaje Sur Salcido 405 327 San Maximiliano de la Montaña, CHIH 49482",Uber Eats,Italiana
Fernanda,2026-01-30 20:35:10.293797,2dc06c2d-dca0-48e7-b075-30b14a4cc6aa,Sushi Roll,Japonesa,489.83,cancelado,Juan Perez,25,4.28,3,Tarjeta,Chapultepec,"Calle Maya 245 Edif. 939 , Depto. 816 San Wilfrido los bajos, DF 16352-8806",Uber Eats,Japonesa
Valeria,2026-05-04 01:10:31.319607,42653173-b827-4a57-80c5-a7d62c2d92c6,Pizza Planet,Italiana,82.76,cancelado,Pedro Sanchez,41,17.65,4,Tarjeta,Chapultepec,"Periférico Quintana Roo 127 Edif. 923 , Depto. 736 Vieja Líbano, CHIS 67147",Didi Food,Italiana
Fernanda,2026-05-08 08:07:51.197734,edff98f0-3217-45fd-9a10-64c8d38fec03,Tacos MX,Mexicana,667.09,cancelado,Carlos Lopez,38,6.14,4,Tarjeta,Zapopan,"Privada Maldivas 063 322 Vieja República Árabe Siria, PUE 14450",Uber Eats,Mexicana
Valeria,2026-01-17 11:35:02.173351,1b455f09-5b2f-4e4c-8785-d9a802ca1733,Wok Express,China,374.24,entregado,Mario Ruiz,51,10.06,4,Tarjeta,Providencia,"Callejón Nayarit 480 Interior 108 San Ricardo los altos, CHIH 92418",Rappi,China
Ana,2026-01-25 15:37:12.715467,b6ef9a99-a9e5-483a-853e-c960ba855da3,Pizza Planet,Italiana,475.31,entregado,Mario Ruiz,39,17.03,4,Tarjeta,Providencia,"Pasaje Sur Vigil 925 Edif. 583 , Depto. 000 San Estefanía los bajos, HGO 98147",Uber Eats,Italiana
Luis,2026-05-13 07:29:38.376820,216d401c-15e7-4e6f-ae04-6a78b753234a,Pasta Italia,Italiana,519.58,cancelado,Mario Ruiz,69,13.62,2,Efectivo,Zapopan,"Circunvalación Namibia 714 Interior 174 Nueva Liberia, QRO 25925-0086",Rappi,Italiana
Fernanda,2026-01-11 11:33:20.715028,06e29f20-a682-4a04-8c99-ff053bafe1c8,Tacos MX,Mexicana,295.63,entregado,Juan Perez,31,2.36,1,Efectivo,Americana,"Privada Sur Farías 822 710 San Violeta los altos, HGO 60264",Uber Eats,Mexicana
Diego,2026-04-02 10:40:02.124017,69e1f68c-bb23-4989-a353-c7df163c5201,Pasta Italia,Italiana,379.34,cancelado,Carlos Lopez,85,3.89,3,Efectivo,Zapopan,"Circuito Armendáriz 139 Edif. 487 , Depto. 391 San Abigail de la Montaña, COL 66906",Uber Eats,Italiana
Sofia,2026-03-15 14:15:01.048254,2a9c33b4-1fd7-4ea7-8c14-244882fb1548,Wok Express,China,229.74,pendiente,Pedro Sanchez,46,16.8,5,Tarjeta,Zapopan,"Diagonal República Democrática del Congo 617 Interior 846 Nueva Santa Lucía, NL 76752",Uber Eats,China
Miguel,2026-04-03 09:37:36.103520,8c211083-1d32-4b1c-a89e-2a44a2c77ad3,Wok Express,China,599.95,pendiente,Pedro Sanchez,43,19.37,2,Efectivo,Chapultepec,"Prolongación Lozada 903 Interior 012 Nueva Nicaragua, JAL 07249-1588",Rappi,China
Carlos,2026-02-20 16:20:26.818038,38d5e67f-b9bd-441f-84cd-948df23d59dc,Wok Express,China,114.69,pendiente,Juan Perez,43,19.83,5,Efectivo,Americana,"Cerrada Chihuahua 891 Interior 095 San Óliver los bajos, TAB 84407",Rappi,China
Valeria,2026-01-08 19:33:49.276261,6c5f0f6c-92ef-485f-b3e7-c39bbaaa3b90,Wok Express,China,343.42,entregado,Carlos Lopez,17,5.2,3,Tarjeta,Zapopan,"Continuación Norte Valladares 968 Edif. 330 , Depto. 455 Vieja Japón, CAMP 41974",Rappi,China
Valeria,2026-03-30 08:27:30.529431,ee05eb95-4258-4105-94d6-52d46240e4eb,Pasta Italia,Italiana,592.9,entregado,Carlos Lopez,73,18.97,5,Efectivo,Centro,"Ampliación Sudán del Sur 331 Interior 664 Vieja Portugal, Q. ROO 58045",Uber Eats,Italiana
Carlos,2026-04-10 22:19:20.182604,aa55ae1c-b927-4189-b4a6-b105d05ce6ef,Sushi Roll,Japonesa,332.8,pendiente,Carlos Lopez,60,16.49,5,Tarjeta,Centro,"Prolongación Nuevo León 197 Interior 938 Vieja Armenia, GRO 29803-1525",Rappi,Japonesa
Valeria,2026-01-09 00:38:14.716171,230cdc3b-234e-405d-be3d-ecb0b06c207a,Burger House,Americana,110.65,entregado,Juan Perez,76,15.87,4,Tarjeta,Zapopan,"Boulevard República Dominicana 505 593 Vieja Senegal, AGS 51907-4548",Uber Eats,Americana
Sofia,2026-04-28 11:12:05.121945,896c7591-2a15-4026-bbe0-5378c79b2e80,Tacos MX,Mexicana,552.29,cancelado,Carlos Lopez,53,14.91,3,Tarjeta,Americana,"Retorno Kuwait 374 Edif. 579 , Depto. 751 San Ángela los bajos, PUE 06723",Uber Eats,Mexicana
Valeria,2026-03-16 02:08:44.590008,9f1323d9-ee99-4dd3-88ed-14a73a56dcb2,Pizza Planet,Italiana,696.92,cancelado,Mario Ruiz,45,15.96,5,Efectivo,Americana,"Pasaje Tabasco 475 379 Nueva Venezuela, PUE 91343-6747",Rappi,Italiana
Carlos,2026-02-07 23:21:19.012090,97b6def2-9200-4e35-a375-f8d4328dd578,Burger House,Americana,394.34,entregado,Mario Ruiz,18,19.52,4,Efectivo,Americana,"Peatonal Nigeria 909 Interior 823 San Rosario los bajos, JAL 25466-7523",Didi Food,Americana
Carlos,2026-04-02 23:18:38.513588,fcf4a1d2-917a-4298-8428-f51869fbb600,Burger House,Americana,449.73,entregado,Juan Perez,82,10.51,3,Efectivo,Chapultepec,"Periférico Sur Trejo 218 Interior 152 San Amanda los altos, VER 48860",Rappi,Americana
Fernanda,2026-01-01 17:21:14.279744,7f0d668d-e392-41ca-ac2a-a5a6536c41de,Sushi Roll,Japonesa,513.27,entregado,Pedro Sanchez,52,14.3,5,Efectivo,Zapopan,"Boulevard Angola 340 Edif. 491 , Depto. 257 Vieja Italia, SON 56051-3055",Uber Eats,Japonesa
Miguel,2026-03-12 05:30:08.697232,83be64ea-4f72-45bb-9528-a9b91938323d,Tacos MX,Mexicana,481.58,entregado,Pedro Sanchez,82,7.48,5,Tarjeta,Chapultepec,"Avenida Norte Osorio 522 Edif. 736 , Depto. 579 San Marisol los altos, SLP 31265-7909",Didi Food,Mexicana
Fernanda,2026-03-13 00:59:17.890703,f84f333a-9b8d-4d86-8834-3060c03d9b2d,Sushi Roll,Japonesa,561.76,cancelado,Juan Perez,31,15.33,3,Tarjeta,Americana,"Pasaje Jimínez 060 Interior 559 San Irma de la Montaña, MOR 01250",Didi Food,Japonesa
Miguel,2026-04-25 05:38:43.318738,5491d65b-8998-4110-8906-dabf07b3a41b,Burger House,Americana,433.86,cancelado,Juan Perez,60,4.21,2,Tarjeta,Centro,"Viaducto Sur Henríquez 856 Interior 935 Nueva Trinidad y Tabago, AGS 12623-3787",Rappi,Americana
Fernanda,2026-01-31 23:33:12.463082,16cc660c-53ec-435c-b67e-55a8f7e31fdc,Tacos MX,Mexicana,689.71,cancelado,Pedro Sanchez,76,5.28,1,Tarjeta,Providencia,"Eje vial Dominicana 335 Edif. 072 , Depto. 677 Vieja Seychelles, QRO 19345-7733",Rappi,Mexicana
Diego,2026-02-26 13:14:55.087907,748cd2e0-39e4-4fe5-ba26-68664fb4cea2,Pizza Planet,Italiana,246.59,entregado,Pedro Sanchez,63,11.94,3,Tarjeta,Americana,"Eje vial Sur Quiroz 508 Interior 250 Vieja Gambia, PUE 66389",Rappi,Italiana
Luis,2026-01-11 23:14:46.851805,d4ed2cdc-59df-4e60-b54d-e79c38c91218,Pizza Planet,Italiana,289.24,pendiente,Carlos Lopez,83,15.64,4,Tarjeta,Providencia,"Privada Saiz 267 911 San Mariana de la Montaña, JAL 03122-6733",Uber Eats,Italiana
Fernanda,2026-03-27 23:32:21.556070,87269567-a1a4-464a-b524-8ca04d39fc6e,Pasta Italia,Italiana,338.87,pendiente,Pedro Sanchez,48,1.71,5,Tarjeta,Centro,"Privada Sur Casares 506 056 San Barbara los bajos, BCS 56694-0874",Didi Food,Italiana
Luis,2026-03-19 03:18:25.632833,31d8d0c6-33ba-49b8-8a68-1d833c2c0351,Tacos MX,Mexicana,287.95,pendiente,Mario Ruiz,35,8.89,2,Efectivo,Zapopan,"Calzada Naranjo 954 Edif. 930 , Depto. 769 Nueva México, COAH 45463-5023",Rappi,Mexicana
Ana,2026-01-29 13:17:33.531451,9f8260d9-83b9-40c5-856a-c25a324ce0c9,Sushi Roll,Japonesa,221.75,pendiente,Juan Perez,25,17.5,5,Tarjeta,Americana,"Retorno Grecia 055 494 Vieja Costa Rica, CAMP 83120-1022",Uber Eats,Japonesa
Diego,2026-02-05 23:21:34.679248,14ea9758-8f59-45d0-81d9-851e053176f0,Burger House,Americana,153.9,entregado,Pedro Sanchez,49,9.95,1,Tarjeta,Providencia,"Pasaje Uribe 979 Edif. 099 , Depto. 390 San Alfredo de la Montaña, NL 49022",Uber Eats,Americana
Diego,2026-01-17 20:23:54.880822,a6a34b4d-c3a6-4c91-aac5-34209793b31c,Tacos MX,Mexicana,108.51,pendiente,Pedro Sanchez,17,18.27,2,Tarjeta,Americana,"Circuito Quiñones 061 114 San Camilo de la Montaña, CHIH 31644-3059",Rappi,Mexicana
Sofia,2026-01-10 05:44:11.863454,ed2fddae-beed-4a80-94d7-2fdf49106705,Burger House,Americana,202.16,cancelado,Pedro Sanchez,16,13.68,2,Efectivo,Zapopan,"Privada Norte Urías 982 Edif. 834 , Depto. 344 San Isabela de la Montaña, VER 60028",Rappi,Americana
Miguel,2026-04-18 07:02:17.631042,dcda2d9e-e5b9-4a82-9b0b-5b75c535fc46,Wok Express,China,119.17,entregado,Juan Perez,54,15.51,3,Tarjeta,Americana,"Diagonal Sur Perales 310 800 San Lilia de la Montaña, NAY 00890",Rappi,China
Valeria,2026-02-07 02:57:47.851181,e2ea08a0-587e-42e0-bd8c-f1ad002cd885,Wok Express,China,472.47,cancelado,Juan Perez,69,12.66,3,Efectivo,Centro,"Boulevard Sur Benavides 826 930 Vieja Seychelles, MOR 44735",Didi Food,China
Miguel,2026-03-17 18:04:55.334609,89a99092-e04d-40b8-9d23-809172a479a5,Tacos MX,Mexicana,328.46,entregado,Carlos Lopez,29,12.73,4,Tarjeta,Chapultepec,"Retorno Zacatecas 280 113 San Zacarías los altos, CHIH 99944-9951",Rappi,Mexicana
Ana,2026-02-10 11:32:33.289016,6aadac71-4a04-4004-9371-0d06de533d19,Pasta Italia,Italiana,357.65,cancelado,Juan Perez,85,17.53,1,Efectivo,Americana,"Cerrada Lemus 277 Edif. 809 , Depto. 458 Vieja Timor-Leste, COL 74814-7513",Rappi,Italiana
Carlos,2026-02-04 11:47:23.251380,ff67706d-e2df-4534-a759-b497c8cfa974,Sushi Roll,Japonesa,254.18,cancelado,Mario Ruiz,89,5.9,1,Efectivo,Providencia,"Avenida Norte Pacheco 097 Edif. 398 , Depto. 282 San Octavio los altos, TLAX 96453",Rappi,Japonesa
Valeria,2026-05-13 20:15:24.631076,2bd1dfa8-b5e1-4374-9a10-5d4514259f10,Sushi Roll,Japonesa,650.82,pendiente,Pedro Sanchez,76,1.27,3,Efectivo,Centro,"Circuito Hidalgo 374 Interior 474 San Magdalena los bajos, TLAX 10001",Uber Eats,Japonesa
Ana,2026-05-07 19:03:46.225431,41948c61-9b1d-4075-b5fe-8571bb2e5bf3,Pasta Italia,Italiana,591.02,cancelado,Pedro Sanchez,43,4.07,2,Tarjeta,Chapultepec,"Circuito Norte de la Crúz 416 286 San Marisol los bajos, TAMPS 76377",Uber Eats,Italiana
Fernanda,2026-04-16 14:06:38.362656,3f011159-e6ca-4e41-95fa-013a1057c4d5,Sushi Roll,Japonesa,522.39,entregado,Carlos Lopez,26,17.68,1,Efectivo,Zapopan,"Viaducto Tello 219 Interior 175 San Blanca los bajos, NAY 36646-0005",Rappi,Japonesa
Miguel,2026-01-02 22:15:05.337554,82c4321f-92fb-4614-a43c-a50c57e3a022,Tacos MX,Mexicana,545.34,pendiente,Mario Ruiz,20,3.32,3,Efectivo,Americana,"Circunvalación Norte Corona 136 Edif. 760 , Depto. 488 San Eugenia de la Montaña, CHIH 88091-9536",Didi Food,Mexicana
Miguel,2026-03-03 16:14:57.439731,e6288a6d-c57a-4c37-84a5-85fb0c57a8e3,Pasta Italia,Italiana,651.98,cancelado,Carlos Lopez,51,16.52,3,Efectivo,Providencia,"Peatonal Pizarro 989 520 San Fidel los altos, GTO 18122-7630",Uber Eats,Italiana
Carlos,2026-04-20 20:29:25.895219,26d81500-4596-4e87-8a18-4e03a64f2ba0,Tacos MX,Mexicana,250.84,entregado,Juan Perez,21,14.17,1,Efectivo,Chapultepec,"Avenida Sur Muñiz 393 739 San Gloria los bajos, OAX 39965",Rappi,Mexicana
Luis,2026-02-11 14:48:47.286946,15463811-1688-4ecd-9278-b96c1d086fdb,Tacos MX,Mexicana,695.43,pendiente,Mario Ruiz,20,2.5,4,Tarjeta,Americana,"Boulevard Baja California Sur 682 Interior 802 Vieja Bahrein, COL 38894-0951",Uber Eats,Mexicana
Luis,2026-04-02 00:06:18.117975,412cdefe-ae95-480c-9c32-89b1d39e5759,Wok Express,China,278.54,pendiente,Carlos Lopez,78,18.82,5,Efectivo,Centro,"Diagonal Estévez 280 699 Nueva Kuwait, GRO 87833-6395",Rappi,China
Valeria,2026-01-17 17:23:51.538069,a579a80e-acdc-414d-9a03-9dcd8857a677,Burger House,Americana,449.58,cancelado,Mario Ruiz,48,2.07,5,Tarjeta,Americana,"Circunvalación Irlanda 584 Edif. 066 , Depto. 035 San Eugenio los altos, CAMP 74252-0323",Rappi,Americana
Ana,2026-02-08 13:05:22.641811,4c6d9ece-a689-4064-90dc-95f4798f3b76,Pasta Italia,Italiana,477.13,pendiente,Pedro Sanchez,69,17.98,4,Efectivo,Centro,"Callejón Sur Alarcón 952 Interior 348 San Amelia los bajos, YUC 59944",Didi Food,Italiana
Fernanda,2026-03-25 05:23:22.195436,6b778fb3-c86d-40db-bb28-c1d8cfa00366,Sushi Roll,Japonesa,554.66,cancelado,Carlos Lopez,68,18.96,1,Efectivo,Chapultepec,"Diagonal Norte Barreto 506 Interior 967 San Esmeralda los bajos, TAMPS 12180",Uber Eats,Japonesa
Fernanda,2026-04-16 17:03:45.688173,acd83f3a-15f6-4a7e-96cf-cf56d59bcab0,Pizza Planet,Italiana,419.05,entregado,Carlos Lopez,66,5.61,5,Efectivo,Centro,"Pasaje Chihuahua 699 Edif. 268 , Depto. 216 San Sergio de la Montaña, GRO 72058",Uber Eats,Italiana
Valeria,2026-04-25 10:58:44.950103,a96b3c33-c2ab-456a-8aed-aa8d121d25fe,Tacos MX,Mexicana,513.1,pendiente,Juan Perez,79,8.73,4,Efectivo,Americana,"Pasaje Varela 292 Edif. 519 , Depto. 629 Nueva Zimbabwe, CHIH 66663",Uber Eats,Mexicana
Valeria,2026-03-30 11:49:39.250804,10e2d37e-03a3-478b-8b10-8763c5dc4524,Sushi Roll,Japonesa,480.79,cancelado,Pedro Sanchez,60,15.82,3,Efectivo,Zapopan,"Avenida Myanmar 291 Interior 605 San Zacarías los altos, COL 79535-7815",Uber Eats,Japonesa
Carlos,2026-02-13 03:09:59.926137,02618a55-b05f-4b77-ae04-e95dfb997d4d,Burger House,Americana,181.34,entregado,Mario Ruiz,78,16.18,4,Tarjeta,Chapultepec,"Periférico Zarate 853 Interior 851 San Carla los altos, TAMPS 85861",Uber Eats,Americana
Valeria,2026-04-29 19:13:37.175961,4286ecea-47d3-4c2b-8159-0fb6441bec87,Tacos MX,Mexicana,314.21,cancelado,Juan Perez,77,1.23,1,Tarjeta,Centro,"Continuación Orellana 991 Edif. 054 , Depto. 806 San Victoria de la Montaña, OAX 39128-6182",Didi Food,Mexicana
Miguel,2026-02-09 03:35:14.457746,383dc86e-3ff2-47f0-88aa-2068c2495f4b,Wok Express,China,362.46,pendiente,Carlos Lopez,66,19.78,4,Efectivo,Centro,"Callejón Suiza 351 588 Nueva Antigua y Barbuda, JAL 84402",Didi Food,China
Valeria,2026-01-15 00:43:57.333641,536da05c-b507-4222-8eaf-54f884e64173,Wok Express,China,444.0,entregado,Pedro Sanchez,62,17.62,3,Efectivo,Chapultepec,"Pasaje Sur Melgar 912 Edif. 915 , Depto. 213 Nueva República Popular Democrática de Corea, DF 00480-1053",Didi Food,China
Miguel,2026-02-16 02:30:22.540436,ba281430-b236-4df3-9fb0-4059bba84f60,Sushi Roll,Japonesa,303.1,pendiente,Carlos Lopez,90,1.34,3,Tarjeta,Providencia,"Periférico Sur Apodaca 153 Interior 970 Vieja Australia, GTO 18366-9712",Rappi,Japonesa
Carlos,2026-01-24 08:49:26.153203,65805d04-712b-4c38-ab2a-13e70e9ba3c1,Pizza Planet,Italiana,380.29,cancelado,Carlos Lopez,30,19.84,4,Tarjeta,Providencia,"Continuación Aguascalientes 503 Edif. 536 , Depto. 205 San Mitzy los altos, MICH 66128",Rappi,Italiana
Ana,2026-02-09 12:47:14.551711,eace742c-bb6e-4658-955b-ede9702e406b,Burger House,Americana,310.5,cancelado,Carlos Lopez,31,10.43,1,Efectivo,Chapultepec,"Peatonal Alvarado 799 Interior 569 Nueva Palau, HGO 03783",Didi Food,Americana
Diego,2026-03-22 19:05:22.321202,fb6c347b-d5c2-467c-90b7-03be93f43f53,Pizza Planet,Italiana,277.7,pendiente,Carlos Lopez,50,2.86,5,Efectivo,Americana,"Periférico Ulibarri 682 Edif. 071 , Depto. 671 Nueva Ucrania, BC 32132-5191",Rappi,Italiana
Miguel,2026-03-16 01:40:52.806742,3d6f0333-ea46-435e-bfb3-a43f73daca40,Tacos MX,Mexicana,398.8,pendiente,Mario Ruiz,27,12.72,2,Tarjeta,Zapopan,"Prolongación Muro 228 Edif. 661 , Depto. 101 Vieja Antigua y Barbuda, BCS 16936",Uber Eats,Mexicana
Luis,2026-03-12 21:29:59.364320,e24c3192-28f6-4127-b13d-ecf18c7edffe,Burger House,Americana,382.38,entregado,Carlos Lopez,25,17.98,3,Efectivo,Providencia,"Avenida Fonseca 820 560 San Gloria los bajos, Q. ROO 76386",Uber Eats,Americana
Carlos,2026-03-20 18:25:08.262818,d11a9770-edb2-4918-80b4-c04090f7085f,Burger House,Americana,615.5,cancelado,Mario Ruiz,88,15.92,2,Tarjeta,Chapultepec,"Prolongación Norte Armas 135 Interior 969 San Benjamín de la Montaña, COAH 07371",Rappi,Americana
Luis,2026-03-06 22:12:34.589128,0ccc45f8-51b6-42aa-b422-0472e2ec4f33,Sushi Roll,Japonesa,239.7,pendiente,Pedro Sanchez,33,17.16,3,Efectivo,Americana,"Periférico Norte Sevilla 037 596 Nueva Mongolia, COL 44353-3500",Didi Food,Japonesa
Diego,2026-03-12 18:42:44.375977,a565505c-513b-4f3d-bef7-00c4d794037a,Burger House,Americana,124.25,pendiente,Mario Ruiz,41,10.1,5,Tarjeta,Centro,"Boulevard Hidalgo 764 785 San Marcos los altos, JAL 09046",Rappi,Americana
Fernanda,2026-05-01 19:29:29.067168,6bdd27de-ba78-402e-b038-72854b4d3011,Burger House,Americana,353.4,cancelado,Pedro Sanchez,35,18.44,2,Efectivo,Americana,"Viaducto Nuevo León 178 Interior 851 Vieja Guinea Bissau, CAMP 35023-2364",Didi Food,Americana
Diego,2026-04-13 00:40:31.060499,d9e19201-d00e-498d-97ae-909c65d6a6c1,Wok Express,China,498.19,entregado,Mario Ruiz,45,11.96,3,Tarjeta,Zapopan,"Ampliación Norte Benavídez 219 010 San Samuel los altos, CAMP 81568",Didi Food,China
Ana,2026-04-07 21:07:35.466429,624457d6-b565-4e07-b984-cb3d9bc599e4,Pasta Italia,Italiana,625.78,pendiente,Mario Ruiz,89,1.09,1,Efectivo,Americana,"Prolongación Morelos 641 061 Nueva República Federal Democrática de Nepal, JAL 65098",Rappi,Italiana
Luis,2026-04-02 20:39:10.818309,f1e301ab-c161-4de9-9e6b-d2f02d01874c,Pizza Planet,Italiana,325.03,entregado,Carlos Lopez,75,19.11,4,Tarjeta,Centro,"Boulevard Chad 501 Interior 638 Nueva Reino Unido de Gran Bretaña e Irlanda del Norte, TAMPS 99028",Didi Food,Italiana
Valeria,2026-05-01 18:38:15.487306,7b4db596-f3f5-4d87-a1f2-3c3d59221d00,Pizza Planet,Italiana,363.33,pendiente,Carlos Lopez,81,3.11,4,Efectivo,Chapultepec,"Andador Suiza 059 133 Vieja Papua Nueva Guinea, QRO 48593-3347",Uber Eats,Italiana
Diego,2026-01-11 03:03:48.948309,a8ed1119-da29-44d7-afd7-b41bae41a6d4,Pasta Italia,Italiana,119.34,cancelado,Pedro Sanchez,24,14.35,4,Tarjeta,Centro,"Diagonal Kiribati 659 Edif. 060 , Depto. 505 Vieja Tuvalu, CHIH 04023-5455",Didi Food,Italiana
Luis,2026-01-14 09:58:54.874584,9c48b1b2-9a0b-4b81-b56b-cf530c8fa3d0,Tacos MX,Mexicana,532.86,pendiente,Juan Perez,23,11.43,2,Efectivo,Zapopan,"Pasaje Angola 570 595 Nueva Dinamarca, BCS 57374-3443",Uber Eats,Mexicana
Carlos,2026-02-07 14:17:15.741429,a89d615e-b128-4bda-858b-33d0e31640a3,Pasta Italia,Italiana,363.32,cancelado,Juan Perez,84,11.72,2,Tarjeta,Zapopan,"Corredor Norte Longoria 704 Interior 887 Vieja Omán, MEX 35653-7483",Rappi,Italiana
Valeria,2026-01-02 17:08:20.332644,2895b785-7eaa-441e-a2a3-907e37c873ce,Pizza Planet,Italiana,373.08,cancelado,Juan Perez,29,19.1,1,Efectivo,Zapopan,"Corredor Chipre 406 254 Vieja Granada, ZAC 79884",Uber Eats,Italiana
Diego,2026-05-04 00:56:39.554198,7e1f18fe-1cf4-40f8-bb0f-ca77b58f0ef7,Sushi Roll,Japonesa,229.48,entregado,Carlos Lopez,60,4.45,1,Tarjeta,Providencia,"Peatonal Sur Ramírez 452 780 San Clemente los altos, TAB 88018-2170",Didi Food,Japonesa
Diego,2026-01-17 01:42:00.844345,ea9b7de7-34bc-41a0-b767-816a8b68450f,Sushi Roll,Japonesa,287.45,cancelado,Pedro Sanchez,81,4.96,4,Tarjeta,Providencia,"Prolongación Quintana Roo 671 Interior 044 San Lorena de la Montaña, NL 91247-3133",Uber Eats,Japonesa
Carlos,2026-04-04 05:30:05.324020,6a0e4a20-9b72-4ae4-8819-1bfaf1620a59,Pizza Planet,Italiana,666.74,cancelado,Juan Perez,84,19.51,4,Efectivo,Zapopan,"Calzada Oaxaca 095 Edif. 975 , Depto. 155 San Rodrigo los altos, TAMPS 63412",Rappi,Italiana
Valeria,2026-04-27 06:55:30.319308,bc38194e-bca1-4a21-9d50-0e015f8f152a,Tacos MX,Mexicana,303.05,pendiente,Mario Ruiz,18,5.05,4,Tarjeta,Providencia,"Circuito Yucatán 918 Edif. 145 , Depto. 829 San Miguel de la Montaña, TAMPS 12400-9051",Didi Food,Mexicana
Diego,2026-01-15 17:30:11.616746,d64b2f7f-4cd9-484c-85cd-0f12ab5bc5c5,Wok Express,China,566.32,pendiente,Mario Ruiz,48,8.07,2,Tarjeta,Americana,"Privada Chiapas 006 Edif. 022 , Depto. 572 San Wendolin de la Montaña, COL 78070-8486",Uber Eats,China
Sofia,2026-04-20 20:43:50.124195,1246b4cf-a300-4742-9756-b5365f9d1842,Burger House,Americana,200.33,cancelado,Juan Perez,19,19.22,3,Tarjeta,Chapultepec,"Calle Uzbekistán 807 Edif. 591 , Depto. 572 Nueva Burkina Faso, QRO 61278",Didi Food,Americana
Sofia,2026-01-31 15:22:57.339160,da144ce9-b890-4847-a520-f6368eb83a0c,Tacos MX,Mexicana,573.09,entregado,Mario Ruiz,63,2.38,5,Efectivo,Zapopan,"Corredor Chihuahua 176 Edif. 142 , Depto. 270 Vieja Lituania, TAB 97445",Rappi,Mexicana
Carlos,2026-04-10 08:06:51.067950,dc747563-c0f8-469d-ab77-2536a3e23549,Pizza Planet,Italiana,256.05,cancelado,Juan Perez,41,2.63,2,Tarjeta,Zapopan,"Continuación Trinidad y Tabago 620 Edif. 750 , Depto. 214 Vieja Indonesia, NL 56659",Rappi,Italiana
Valeria,2026-01-31 15:43:57.206865,41f113d3-2e3a-4760-9dce-397f6e59432a,Pizza Planet,Italiana,143.94,cancelado,Pedro Sanchez,63,17.47,3,Tarjeta,Zapopan,"Diagonal Afganistán 869 288 Vieja Mali, NAY 45796",Didi Food,Italiana
Miguel,2026-02-19 03:07:39.134053,fb22b75c-7171-42b4-8676-7673f239863b,Pizza Planet,Italiana,153.12,pendiente,Carlos Lopez,51,18.28,2,Efectivo,Americana,"Corredor Morelos 739 011 San Dulce los bajos, BC 71937",Uber Eats,Italiana
Fernanda,2026-01-17 06:11:25.989379,5538dea8-02e9-4faf-b323-43c4a69d7f97,Tacos MX,Mexicana,598.55,cancelado,Juan Perez,74,4.94,5,Tarjeta,Americana,"Corredor Esquivel 451 Edif. 865 , Depto. 067 Nueva Reino Unido de Gran Bretaña e Irlanda del Norte, CHIH 79237-3924",Rappi,Mexicana
Luis,2026-01-22 06:49:53.146831,8acdb72f-61dd-4e08-ba03-b0f6bec7b098,Pasta Italia,Italiana,617.3,pendiente,Carlos Lopez,37,12.21,2,Tarjeta,Americana,"Prolongación Norte Galarza 951 Interior 510 Nueva Nicaragua, CAMP 64521",Didi Food,Italiana
Carlos,2026-05-12 06:37:15.801381,61692efb-2696-4882-8b07-2985962638a3,Burger House,Americana,490.99,cancelado,Pedro Sanchez,17,7.86,4,Tarjeta,Centro,"Circuito Aguascalientes 640 Interior 052 Vieja República de Moldova, GRO 19718",Didi Food,Americana
Carlos,2026-04-01 11:09:08.006632,33fec9b8-5eb7-44b5-9fe0-8e444e2801cd,Pasta Italia,Italiana,175.02,cancelado,Carlos Lopez,33,11.86,5,Tarjeta,Chapultepec,"Continuación Norte Valdés 903 Edif. 503 , Depto. 217 Vieja Albania, PUE 55267-5656",Didi Food,Italiana
Valeria,2026-05-11 18:29:07.299991,5b6fab68-2f00-47e4-a337-fdb0a551f357,Tacos MX,Mexicana,540.06,pendiente,Carlos Lopez,84,16.06,5,Tarjeta,Centro,"Andador Tamaulipas 335 Edif. 451 , Depto. 358 Nueva Islas Marshall, TLAX 22235",Rappi,Mexicana
Luis,2026-01-06 06:58:15.520722,4861d2d6-a765-4fc6-9373-96c60b042fbe,Sushi Roll,Japonesa,264.71,pendiente,Juan Perez,36,6.28,5,Efectivo,Providencia,"Calle República Federal Democrática de Nepal 500 Edif. 429 , Depto. 546 San Estefanía de la Montaña, VER 54791",Rappi,Japonesa
Carlos,2026-03-15 04:25:01.140942,706b1aef-c448-4905-aac7-48d984ebad3a,Sushi Roll,Japonesa,154.19,cancelado,Mario Ruiz,29,10.47,5,Efectivo,Chapultepec,"Continuación República de Moldova 464 154 Nueva Trinidad y Tabago, MICH 36012-7684",Didi Food,Japonesa
Ana,2026-02-02 01:38:11.793282,48060305-c7f4-4ef8-a4d3-484a73579ac5,Wok Express,China,667.96,entregado,Pedro Sanchez,48,18.51,3,Tarjeta,Chapultepec,"Pasaje Michoacán de Ocampo 008 Interior 973 San Emiliano los altos, JAL 86105-8108",Didi Food,China
Ana,2026-02-26 03:13:59.440583,def3ff32-ae5c-4c57-828c-e7c6d9f6e903,Sushi Roll,Japonesa,282.4,cancelado,Juan Perez,25,5.95,3,Efectivo,Centro,"Pasaje Sur Galindo 072 Edif. 518 , Depto. 731 San René de la Montaña, DF 15811-8223",Uber Eats,Japonesa
Valeria,2026-05-09 23:27:58.902150,66435bd8-6063-45e3-82a0-0fdc4c81c686,Tacos MX,Mexicana,563.79,cancelado,Juan Perez,67,12.73,5,Tarjeta,Chapultepec,"Calle Morelos 916 Edif. 774 , Depto. 704 Nueva Bosnia y Herzegovina, SLP 51956",Didi Food,Mexicana
Ana,2026-03-21 22:43:01.642780,71a7e252-756b-450e-94fa-f97f395668c1,Sushi Roll,Japonesa,645.21,entregado,Juan Perez,50,1.15,2,Tarjeta,Chapultepec,"Viaducto Guanajuato 829 Interior 729 Nueva Gambia, AGS 54317-0189",Uber Eats,Japonesa
Miguel,2026-01-16 05:34:49.522499,887b4c11-d2fb-464b-bfb5-fa987d553f9a,Pizza Planet,Italiana,491.62,cancelado,Pedro Sanchez,34,16.01,1,Efectivo,Chapultepec,"Avenida Solorio 038 Interior 348 San Delia de la Montaña, NL 09137",Rappi,Italiana
Fernanda,2026-02-13 05:20:14.238772,4bb79d0e-f68d-4165-9c7f-73b4e8cd65a7,Tacos MX,Mexicana,267.02,pendiente,Carlos Lopez,68,6.18,4,Tarjeta,Centro,"Avenida Nayarit 450 Interior 807 San Daniel los altos, ZAC 73454",Didi Food,Mexicana
Carlos,2026-01-19 19:17:33.978181,ac345cfd-0d1a-4df4-96be-23386416f03d,Pasta Italia,Italiana,272.07,entregado,Mario Ruiz,49,8.48,4,Efectivo,Zapopan,"Calle Norte Cadena 782 Edif. 710 , Depto. 471 Nueva Timor-Leste, OAX 35125",Didi Food,Italiana
Diego,2026-02-22 15:17:48.368564,7de0c18e-dbcc-413d-9f60-8fc017e8a1e2,Pasta Italia,Italiana,168.21,pendiente,Pedro Sanchez,32,4.19,2,Efectivo,Zapopan,"Circunvalación Sur Galarza 778 Edif. 888 , Depto. 660 Vieja Dinamarca, CHIS 26602-5783",Uber Eats,Italiana
Luis,2026-04-11 21:26:07.058235,6bf23c22-7c37-4861-8cfc-5e8c443aa520,Pasta Italia,Italiana,320.86,cancelado,Carlos Lopez,21,19.7,2,Tarjeta,Zapopan,"Viaducto Norte Romo 654 409 San Armando de la Montaña, HGO 49138",Didi Food,Italiana
Luis,2026-02-27 23:09:53.909989,2719633c-1a90-46ec-bbfc-c768d24e5a12,Wok Express,China,545.44,cancelado,Carlos Lopez,63,3.19,3,Tarjeta,Centro,"Privada Galarza 067 304 San Yuridia de la Montaña, DF 70156",Rappi,China
Sofia,2026-01-14 17:51:25.120760,bd8ba192-f261-4ff2-9779-9d4a7adf2f5f,Burger House,Americana,166.29,pendiente,Pedro Sanchez,46,6.92,1,Efectivo,Zapopan,"Andador Costa Rica 910 Interior 443 Vieja Etiopía, GRO 61243",Uber Eats,Americana
Miguel,2026-02-26 20:15:34.144398,af9e2964-8777-4917-934d-65c7801ea542,Pasta Italia,Italiana,157.29,entregado,Juan Perez,66,17.68,4,Tarjeta,Centro,"Avenida Esquivel 206 714 San Jerónimo los altos, TAB 71793-2680",Uber Eats,Italiana
Diego,2026-04-01 07:37:32.279973,3504a513-e605-40cb-aefd-86a83abc3f5e,Sushi Roll,Japonesa,304.86,pendiente,Pedro Sanchez,45,4.88,1,Efectivo,Americana,"Pasaje Marrero 587 Edif. 796 , Depto. 767 San María los bajos, VER 75831-9697",Rappi,Japonesa
Valeria,2026-01-04 08:40:56.786872,d7c42a77-d9be-46d9-b91c-b3d2717497cd,Pasta Italia,Italiana,400.95,pendiente,Pedro Sanchez,19,16.87,5,Efectivo,Providencia,"Avenida Norte Padilla 053 Interior 669 Nueva Ghana, COAH 12826-8487",Didi Food,Italiana
Diego,2026-02-27 06:52:03.094184,de828afb-a9a1-4f1a-9872-d62936a9286d,Wok Express,China,576.6,entregado,Pedro Sanchez,72,9.99,5,Tarjeta,Americana,"Andador Tayikistán 420 Interior 795 San Jaime de la Montaña, COAH 96685",Uber Eats,China
Sofia,2026-04-23 17:59:12.115743,c16024d5-8e0d-40cb-8258-30f882107d52,Tacos MX,Mexicana,107.68,pendiente,Mario Ruiz,36,2.88,5,Tarjeta,Americana,"Andador Sur Salcedo 919 Interior 117 Vieja Líbano, SLP 76799",Rappi,Mexicana
Diego,2026-04-10 16:34:47.822739,966f394d-d72b-4756-a8a5-25bfe36f4d9c,Pizza Planet,Italiana,523.84,cancelado,Pedro Sanchez,87,13.68,1,Tarjeta,Americana,"Circunvalación República Checa 019 Interior 871 San Iván de la Montaña, Q. ROO 28602-5339",Didi Food,Italiana
Fernanda,2026-02-19 05:03:07.393764,e9fe2b77-d7d1-454a-b580-144fac660414,Wok Express,China,214.55,entregado,Pedro Sanchez,38,6.96,2,Efectivo,Centro,"Continuación Zacatecas 696 Edif. 673 , Depto. 048 Vieja Eslovaquia, MICH 87596",Didi Food,China
Fernanda,2026-03-27 12:34:54.517711,28419bf8-9072-4ec3-b00b-c9b38d3c11a1,Wok Express,China,102.89,cancelado,Pedro Sanchez,44,2.57,2,Efectivo,Americana,"Andador Nueva Zelandia 914 Edif. 101 , Depto. 261 Vieja Andorra, MOR 84561",Didi Food,China
Carlos,2026-05-08 15:53:50.498536,3e898f5c-d091-45d3-adbf-bdea822c7c80,Pizza Planet,Italiana,643.15,cancelado,Mario Ruiz,24,14.54,3,Tarjeta,Providencia,"Privada Baja California Sur 215 Edif. 113 , Depto. 713 Nueva Nueva Zelandia, Q. ROO 71224",Rappi,Italiana
Ana,2026-01-24 14:50:31.752564,c33f0643-071a-4c4e-bf61-60e5e4cdde0b,Tacos MX,Mexicana,300.46,entregado,Carlos Lopez,54,8.9,4,Tarjeta,Centro,"Circunvalación Baja California Sur 563 Edif. 473 , Depto. 173 Vieja Chad, MICH 73723-3218",Rappi,Mexicana
Miguel,2026-03-13 16:54:49.718762,fac9434b-26f6-4266-8093-86c12ab372db,Sushi Roll,Japonesa,616.31,pendiente,Pedro Sanchez,52,18.78,5,Tarjeta,Centro,"Eje vial Sur Cabán 771 935 San Zeferino de la Montaña, YUC 40184-5383",Rappi,Japonesa
Diego,2026-02-23 16:35:13.322585,a2924c47-6690-4b61-828d-5480be87733f,Wok Express,China,676.17,cancelado,Juan Perez,42,11.35,2,Efectivo,Chapultepec,"Callejón Estados Unidos de América 390 Edif. 041 , Depto. 051 San Noemí los altos, QRO 69492",Didi Food,China
Carlos,2026-04-21 13:36:09.834781,f7004e2b-ef36-4b97-bdce-1cf4807c1090,Sushi Roll,Japonesa,108.5,entregado,Pedro Sanchez,45,4.58,1,Tarjeta,Americana,"Calle Olivas 486 Interior 921 San Perla los bajos, DGO 35549-3448",Didi Food,Japonesa
Valeria,2026-05-11 14:13:39.593131,950a06bc-4e77-43cf-8127-032d72ef4d1e,Pasta Italia,Italiana,561.6,entregado,Pedro Sanchez,55,6.64,5,Efectivo,Americana,"Boulevard Bulgaria 632 Edif. 518 , Depto. 323 Nueva Djibouti, MOR 45494-6095",Rappi,Italiana
Ana,2026-03-16 05:32:00.513960,6d3a933d-a03b-473e-86c4-6602459af989,Wok Express,China,229.78,entregado,Carlos Lopez,86,6.45,1,Tarjeta,Chapultepec,"Calle Huerta 009 950 Vieja Túnez, YUC 33436",Didi Food,China
Miguel,2026-03-11 14:48:17.459583,53914b23-38c0-46d6-83d2-ac1cb4f51160,Burger House,Americana,534.94,pendiente,Carlos Lopez,70,7.3,3,Tarjeta,Centro,"Privada Farías 189 430 Vieja Trinidad y Tabago, DGO 42894-4855",Didi Food,Americana
Diego,2026-01-27 08:30:17.485198,22fc560b-3376-453a-81c1-58aa58bbf183,Tacos MX,Mexicana,165.12,pendiente,Pedro Sanchez,75,14.44,3,Tarjeta,Zapopan,"Corredor Gálvez 450 335 San Esparta los altos, CHIH 91029",Rappi,Mexicana
Sofia,2026-04-08 13:45:43.457397,915da9d9-1b01-4e0c-ad0a-a1b66ff06d60,Pasta Italia,Italiana,556.15,pendiente,Mario Ruiz,80,8.93,5,Tarjeta,Chapultepec,"Viaducto Norte Tórrez 553 470 San Clemente los bajos, VER 71853",Didi Food,Italiana
Carlos,2026-04-09 23:38:04.269394,d4931dcd-31f3-4c6a-a70d-bf79fac08c3d,Pizza Planet,Italiana,92.19,entregado,Juan Perez,30,1.09,2,Efectivo,Zapopan,"Callejón Morelos 385 Interior 456 San Renato los bajos, SIN 99215-9055",Uber Eats,Italiana
Diego,2026-01-13 12:12:52.606646,7448bf58-6f16-431c-b061-6d17d1d8f427,Burger House,Americana,224.1,pendiente,Mario Ruiz,33,17.07,3,Tarjeta,Providencia,"Cerrada Distrito Federal 868 Interior 412 San Alicia los altos, NL 73425-7635",Didi Food,Americana
Fernanda,2026-04-18 22:51:05.533224,06c2c3bb-f418-47b1-b380-48e3bd9dcfb6,Wok Express,China,577.67,pendiente,Juan Perez,20,1.16,2,Tarjeta,Chapultepec,"Pasaje Vega 046 Edif. 907 , Depto. 184 Nueva Granada, BC 43946-4668",Uber Eats,China
Carlos,2026-02-16 08:26:32.450374,a781e7ea-0c87-4006-a956-ceae38af7286,Burger House,Americana,123.39,cancelado,Pedro Sanchez,78,19.61,5,Tarjeta,Zapopan,"Calle Negrete 997 059 Vieja Micronesia, BCS 81442",Didi Food,Americana
Diego,2026-01-02 07:39:44.370543,7a250146-b01f-4a69-aa41-7463f3bef5d9,Wok Express,China,384.59,cancelado,Mario Ruiz,59,17.31,3,Efectivo,Centro,"Cerrada Ulibarri 159 Edif. 129 , Depto. 715 San Alberto los bajos, MOR 28099",Rappi,China
Miguel,2026-02-12 15:20:48.083556,1d0f826a-3a5a-4c04-bb0d-bb0a588f40fa,Tacos MX,Mexicana,161.16,entregado,Juan Perez,20,14.97,3,Efectivo,Chapultepec,"Calzada Guerrero 053 Edif. 532 , Depto. 465 San Rodolfo los altos, TAB 05500-2332",Rappi,Mexicana
Sofia,2026-02-14 05:54:01.407942,0c7ccd25-6352-4a01-b051-88f3456890ad,Wok Express,China,446.1,pendiente,Carlos Lopez,17,15.78,1,Efectivo,Centro,"Retorno Tailandia 148 Interior 952 San Paola los bajos, NAY 09934-8294",Uber Eats,China
Diego,2026-04-11 01:11:57.026371,84ad0141-1315-4472-a015-83c8bfa82c53,Burger House,Americana,343.18,cancelado,Carlos Lopez,27,6.82,2,Efectivo,Zapopan,"Eje vial Sur Centeno 969 422 San Margarita de la Montaña, MEX 48285",Uber Eats,Americana
Fernanda,2026-04-02 07:01:37.319845,5ef17f0d-f3fd-433e-817e-83e585762c89,Sushi Roll,Japonesa,178.51,pendiente,Mario Ruiz,63,9.94,4,Efectivo,Centro,"Andador Flórez 892 523 Nueva Bolivia, MEX 98475",Rappi,Japonesa
Valeria,2026-02-08 08:05:00.448256,540611d3-65f1-4b23-8ac4-85ec16ed2d5a,Pizza Planet,Italiana,246.03,cancelado,Juan Perez,53,11.72,3,Tarjeta,Zapopan,"Calzada Botswana 234 Edif. 095 , Depto. 271 San Verónica de la Montaña, JAL 11495",Uber Eats,Italiana
Valeria,2026-03-12 04:54:43.502113,12e8bf85-d8c1-4932-bc9c-d6d0f5e4e820,Sushi Roll,Japonesa,445.4,entregado,Mario Ruiz,24,7.54,2,Tarjeta,Zapopan,"Continuación Norte Riojas 423 Edif. 663 , Depto. 902 San Teodoro de la Montaña, YUC 51591",Uber Eats,Japonesa
Fernanda,2026-04-05 15:53:34.504248,8747f33f-b59c-46c2-a46e-521ea303a588,Tacos MX,Mexicana,145.53,cancelado,Juan Perez,55,4.9,5,Efectivo,Americana,"Ampliación República Popular Democrática de Corea 234 952 Vieja Belice, SON 24455-8090",Uber Eats,Mexicana
Luis,2026-04-05 12:24:36.174237,759802e2-422c-4e4b-87a6-a0919b3a62d2,Pizza Planet,Italiana,213.69,pendiente,Carlos Lopez,29,6.58,1,Efectivo,Centro,"Viaducto Benin 660 Interior 738 Vieja Paraguay, DGO 37877",Uber Eats,Italiana
Valeria,2026-03-19 17:31:50.278522,93e561a6-7035-4eaf-9bed-13880b75998b,Burger House,Americana,115.38,entregado,Mario Ruiz,56,8.3,3,Efectivo,Centro,"Diagonal Polonia 706 Edif. 583 , Depto. 779 Nueva Sudán del Sur, SON 03135",Didi Food,Americana
Sofia,2026-03-10 04:43:20.537106,3b1303de-71ec-4550-9ab0-493d2e0bbc9b,Burger House,Americana,207.49,cancelado,Pedro Sanchez,82,9.71,4,Efectivo,Centro,"Privada Bangladesh 599 Edif. 270 , Depto. 040 Nueva Estados Unidos de América, DF 24470-7153",Rappi,Americana
Fernanda,2026-04-24 03:23:34.680022,9895dfff-8a88-468a-8bf7-dd4ead77297b,Wok Express,China,287.81,entregado,Carlos Lopez,72,3.77,5,Tarjeta,Americana,"Corredor Japón 985 Edif. 347 , Depto. 598 San Fidel los altos, DF 49628",Didi Food,China
Fernanda,2026-03-02 02:07:17.032323,984fcad7-bf35-451b-8747-fdc6391ad402,Burger House,Americana,386.63,pendiente,Carlos Lopez,37,15.62,5,Efectivo,Zapopan,"Ampliación Sur Urbina 463 Interior 841 Vieja Mali, CHIH 10622",Didi Food,Americana
Luis,2026-03-11 23:37:43.328756,598b4a68-bd8c-41d7-86e7-0890be9f1a56,Burger House,Americana,265.63,cancelado,Carlos Lopez,32,15.7,5,Efectivo,Providencia,"Calzada Belice 067 614 San Hugo de la Montaña, BCS 71154-8327",Didi Food,Americana
Ana,2026-04-09 21:36:02.059476,c1c65fa2-3255-4d94-aeb9-4737fe06a5bd,Pasta Italia,Italiana,574.0,pendiente,Pedro Sanchez,42,2.64,3,Efectivo,Providencia,"Retorno Roldán 656 633 Vieja Indonesia, AGS 09879",Rappi,Italiana
Carlos,2026-04-06 16:36:03.051783,dc844908-3872-4857-8800-cf90d28635de,Pizza Planet,Italiana,84.84,pendiente,Pedro Sanchez,82,17.89,4,Efectivo,Zapopan,"Calle Sudáfrica 907 Interior 298 Vieja Nauru, SON 11185",Uber Eats,Italiana
Luis,2026-01-10 13:35:28.964069,61078cd3-5f0b-4525-90ac-6b55f10ef9ed,Pasta Italia,Italiana,697.99,pendiente,Carlos Lopez,41,13.31,2,Efectivo,Providencia,"Viaducto Anguiano 169 Interior 297 Vieja Bosnia y Herzegovina, YUC 76742",Didi Food,Italiana
Fernanda,2026-04-21 16:43:05.078465,3e457607-999c-4064-9c0b-a265a52db61a,Pasta Italia,Italiana,672.72,cancelado,Carlos Lopez,62,7.94,3,Efectivo,Chapultepec,"Circuito Sur Huerta 457 Edif. 614 , Depto. 333 San Mario los bajos, TAMPS 46186",Rappi,Italiana
Luis,2026-03-13 02:35:58.975849,746918bb-010b-4a17-962a-2097beb9219d,Burger House,Americana,243.71,cancelado,Pedro Sanchez,66,13.51,1,Efectivo,Zapopan,"Eje vial Oaxaca 313 Edif. 721 , Depto. 954 Vieja Somalia, DGO 80768",Didi Food,Americana
Carlos,2026-03-15 11:07:59.429350,64f86437-2716-4eb4-ac44-01b4f0c0f0b8,Burger House,Americana,615.75,cancelado,Carlos Lopez,79,12.53,3,Tarjeta,Chapultepec,"Viaducto Monroy 575 Interior 574 San Barbara los bajos, SIN 79912",Uber Eats,Americana
Luis,2026-01-23 11:49:15.371287,208a09eb-735f-4ee8-88be-f6bf83133316,Tacos MX,Mexicana,484.77,pendiente,Carlos Lopez,23,2.73,3,Efectivo,Americana,"Diagonal Puebla 695 Interior 982 Vieja Belarús, VER 06028-1345",Didi Food,Mexicana
Valeria,2026-02-01 09:36:22.211449,d430f657-5ecc-4c30-82ee-8b0f4904358d,Pizza Planet,Italiana,309.82,cancelado,Mario Ruiz,15,13.75,4,Tarjeta,Centro,"Ampliación Aguascalientes 014 288 Nueva Qatar, SLP 88452-9191",Rappi,Italiana
Ana,2026-04-24 23:43:12.421023,df6a14a0-24d9-4b67-9f54-58ebabd44358,Pizza Planet,Italiana,305.8,entregado,Carlos Lopez,23,4.78,4,Efectivo,Centro,"Boulevard Sudáfrica 190 Edif. 362 , Depto. 031 Nueva Qatar, MOR 54437-2874",Rappi,Italiana
Valeria,2026-04-06 06:02:54.065605,3c4995b1-1392-434b-8b6a-10a69c3e2569,Pasta Italia,Italiana,581.08,pendiente,Pedro Sanchez,87,3.91,2,Efectivo,Zapopan,"Calle Sur Arce 690 Edif. 366 , Depto. 650 San Guadalupe de la Montaña, PUE 35892",Uber Eats,Italiana
Valeria,2026-03-19 18:22:06.412991,05f2856d-d187-4ee6-9882-5aeeb9d55700,Tacos MX,Mexicana,651.8,cancelado,Juan Perez,50,6.07,4,Efectivo,Providencia,"Peatonal Norte Holguín 432 Edif. 424 , Depto. 603 San Jacobo los altos, TLAX 37933-1183",Rappi,Mexicana
Ana,2026-04-15 15:21:32.890720,30ee78ca-97fd-4723-84f4-d0bd87318add,Burger House,Americana,664.97,entregado,Juan Perez,42,7.76,2,Efectivo,Americana,"Calzada Arenas 625 Interior 495 San Mario los altos, YUC 54503-3784",Uber Eats,Americana
Diego,2026-01-17 22:57:30.670349,e7d9e7f4-f281-4731-a0df-eefb9af3f8c9,Sushi Roll,Japonesa,404.2,cancelado,Pedro Sanchez,56,3.15,4,Tarjeta,Centro,"Continuación Sur Cruz 075 Edif. 164 , Depto. 939 San María Eugenia de la Montaña, MEX 28035-9983",Rappi,Japonesa
Luis,2026-04-04 21:38:19.331329,670c6c60-5104-4ffc-848f-f3fe8fe5939d,Pasta Italia,Italiana,265.95,pendiente,Carlos Lopez,25,5.91,4,Efectivo,Chapultepec,"Cerrada Casillas 319 694 Nueva Noruega, CHIS 30277-6001",Rappi,Italiana
Sofia,2026-03-04 14:15:09.300287,37c3c80e-992d-496b-9bae-131d17708e82,Pasta Italia,Italiana,431.31,entregado,Pedro Sanchez,49,19.67,1,Tarjeta,Centro,"Ampliación Durango 576 Edif. 740 , Depto. 873 San Genaro de la Montaña, ZAC 04913-0981",Rappi,Italiana
Fernanda,2026-04-12 04:14:11.785941,059af538-ec43-4d03-926b-50f7ef681bdb,Pizza Planet,Italiana,695.42,cancelado,Juan Perez,36,1.37,2,Tarjeta,Chapultepec,"Corredor Luxemburgo 200 Interior 550 San Adalberto de la Montaña, TAMPS 64120-0049",Uber Eats,Italiana
Fernanda,2026-03-08 15:40:53.184035,87b2726c-a4c8-40cb-8014-37a69238983f,Pizza Planet,Italiana,420.89,pendiente,Juan Perez,61,13.73,5,Efectivo,Centro,"Callejón Baja California Sur 942 554 Nueva Botswana, COAH 35466",Didi Food,Italiana
Ana,2026-03-12 04:29:57.700244,ac272901-28a6-4fa8-bbf9-85acae8d58a2,Sushi Roll,Japonesa,582.82,entregado,Pedro Sanchez,75,15.79,1,Efectivo,Americana,"Prolongación Colima 399 Edif. 542 , Depto. 696 San Lilia los altos, HGO 86118-7745",Rappi,Japonesa
Miguel,2026-02-11 21:05:49.854858,e9766699-8682-4367-933f-67c07bd6c562,Pizza Planet,Italiana,236.96,pendiente,Juan Perez,27,15.98,3,Efectivo,Providencia,"Diagonal Zimbabwe 460 Interior 884 San Celia los bajos, SON 88860",Didi Food,Italiana
Diego,2026-05-07 09:59:34.517209,3c991ea7-cb49-4f50-aa11-f88aa1b714a3,Burger House,Americana,121.54,cancelado,Carlos Lopez,45,18.06,3,Tarjeta,Providencia,"Calzada Sur Manzanares 411 Edif. 884 , Depto. 498 Nueva Dinamarca, ZAC 94565",Rappi,Americana
Valeria,2026-02-03 23:08:31.422602,be9314ef-bc3a-439d-89e1-e4c7dab88150,Burger House,Americana,86.6,entregado,Pedro Sanchez,16,5.96,4,Tarjeta,Zapopan,"Privada Durango 902 866 Nueva Paraguay, TAMPS 34825-9994",Rappi,Americana
Valeria,2026-04-17 02:57:41.936109,000f0dda-bff2-4818-8334-2f56d869c6f8,Sushi Roll,Japonesa,501.67,cancelado,Juan Perez,44,4.53,3,Efectivo,Zapopan,"Cerrada Norte Briones 991 Edif. 534 , Depto. 705 Vieja República Unida de Tanzanía, SIN 23284",Uber Eats,Japonesa
Sofia,2026-04-13 07:12:42.293753,a8d81c1f-b31d-4f3c-bb30-7d1dabcd0deb,Burger House,Americana,653.9,pendiente,Juan Perez,26,8.36,5,Efectivo,Centro,"Andador República de Macedonia del Norte 233 Interior 723 San Hernán de la Montaña, COL 22580-0488",Rappi,Americana
Carlos,2026-03-23 08:32:52.384664,34980f3b-939a-4038-8d87-57edebfc9c28,Burger House,Americana,434.15,entregado,Carlos Lopez,16,10.47,2,Tarjeta,Zapopan,"Peatonal Estrada 475 909 Nueva Nicaragua, BC 70719-6995",Didi Food,Americana
Diego,2026-05-11 06:17:00.891030,6e2e6b11-b360-4767-8c74-5433c189090c,Tacos MX,Mexicana,589.78,entregado,Pedro Sanchez,15,14.34,3,Tarjeta,Providencia,"Circuito Sur Rendón 705 916 Nueva Guyana, TLAX 02857",Uber Eats,Mexicana
Diego,2026-01-24 17:44:28.553272,078d4b6c-ce2c-40de-9a23-78e36b176120,Pasta Italia,Italiana,312.14,entregado,Pedro Sanchez,15,3.03,1,Efectivo,Centro,"Avenida República Democrática del Congo 923 733 Vieja Brunei Darussalam, DGO 15757",Didi Food,Italiana
